seq,year_ce,year_era,province,city,county,ancient_name,source,record,note
1,1787,清高宗乾隆五十二年,河北,无,怀安县,无,《怀安县志》,怀安县：大旱，人相食。——光绪《怀安县志》卷三灾祥,无
2,1637,明思宗崇祯十年,浙江,杭州市,无,无,《杭州府志》,杭州市：大饥，父子、兄弟、夫妇相食。——光绪《杭州府志》卷一七八,无
3,1637,明思宗崇祯十年,河南,无,沈丘县,无,《沈丘县志》,沈丘县：春大饥，民鬻子女，啖草子树皮，人相食。——顺治《沈丘县志》卷十三灾祥,无
4,1492,明孝宗弘治五年,山东,淄博市,无,无,《淄川县志》,淄博市：大饥，人相食。——嘉靖《淄川县志》卷二祥异,无
5,1492,明孝宗弘治五年,山东,滨州市,无棣县,无,《海丰县志》,无棣县：海丰旱，大饥，人相食。——康熙《海丰县志》卷四纪事,无
6,1492,明孝宗弘治五年,山东,日照市,无,无,《日照县志》,日照市：大旱，民相食。——康熙《日照县志》卷一纪事,无
7,1492,明孝宗弘治五年,山东,临沂市,无,无,《华北、东北近五百年旱涝史料》,临沂市：大旱饥，人相食。——《华北、东北近五百年旱涝史料》第三分册，第98页,无
8,1532,明世宗嘉靖十一年,陕西,无,蓝田县,无,《蓝田县志》,蓝田县：又大祲，人相食。——顺治《蓝田县志》卷四灾异,无
9,1532,明世宗嘉靖十一年,河南,无,鲁山县,无,《鲁山县志》,鲁山县：春大旱，夏飞蝗，遮天蔽日。秋，遍地蛹生，食禾无遗。民大荒，相食者甚多，饿莩枕藉于道。至十二年大熟。——嘉靖《鲁山县志》卷十灾祥,无
10,1604,明神宗万历三十二年,河南,商丘市,夏邑县,无,《夏邑县志》,夏邑县：大饥，人相食。——康熙《夏邑县志》卷十灾异,无
11,1454,明代宗景泰五年,江苏,无,宜兴县,无,《重修镇江府志》,宜兴县：夏大潦。秋大旱，人相食，抚按劝令富民出栗赈贷，视其多寡，旌赏有差。——万历《重修镇江府志》卷三十四祥异,无
12,1454,明代宗景泰五年,浙江,湖州市,无,无,《乌程县志》,湖州市：大水，民相食。——崇祯《乌程县志》卷四灾异,无
13,1494,明孝宗弘治七年,山东,无,宁津县,无,《宁津县志》,宁津县：大饥，人相食。——万历《宁津县志》卷四祥异,无
14,1792,清高宗乾隆五十七年,山西,无,阳城县,无,《阳城县志》,阳城县：岁大饥，人相食。——同治《阳城县志》卷十八灾祥,无
15,1792,清高宗乾隆五十七年,山东,无,阳信县,无,《信邑志稿》,阳信县：饥，人相食。——同治《信邑志稿》卷三灾异,无
16,1560,明世宗嘉靖三十九年,北京,北京,延庆县,延庆州,《延庆州志》,延庆县：大饥，人相食，暴骨原野。——康熙《延庆州志》卷六灾祥,无
17,1560,明世宗嘉靖三十九年,天津,天津,静海县,无,《静海县志》,静海县：三十九至四十年，岁饥，人相食。——同治《静海县志》卷三灾祥,无
18,1560,明世宗嘉靖三十九年,河北,石家庄,灵寿县,无,《灵寿县志》,灵寿县：夏大旱，蝗蛹遍野，禾稼不登，人相食。父老惊骇，以为凶荒未见有至此极者。——嘉靖《灵寿县志》卷九灾祥,无
19,1560,明世宗嘉靖三十九年,河北,石家庄,赞皇县,无,《赞皇县志》,赞皇县：大旱，蝗飞蔽天，流移载道，人多相食。——康熙《赞皇县志》卷九祥异,无
20,1560,明世宗嘉靖三十九年,河北,保定,清苑县,无,《清苑县志》,清苑县：蝗蝻遍地，伤稼。民大饥，至相食。——民国《清苑县志》卷六灾祥,无
21,1560,明世宗嘉靖三十九年,河北,保定,安新县,无,《安州志》,安新县：蝗蝻遍地，残禾。民大饥，有父子相食者。——康熙《安州志》卷七祥异,无
22,1560,明世宗嘉靖三十九年,河北,保定,完县,无,《完县志》,完县：大蝗，颗粒无遗，至有父子相食者。——康熙《完县志》卷十灾异,无
23,1560,明世宗嘉靖三十九年,河北,沧州,沧州市,无,《沧州志》,沧州市：三十九年、四十年，连岁饥，甚至有割死人以食者。诏发部银若干，于畿辅地方赈之。——万历《沧州志》卷五故事,无
24,1560,明世宗嘉靖三十九年,河北,衡水,武强县,无,《武强县新志》,武强县：岁无雨，四境赤地，井底涸，寸草不生。民间子三十二年房地器物典卖已尽，故饥死者尤众，民相食，间有食其妻子者。——康熙《武强县新志》卷七灾祥,无
25,1560,明世宗嘉靖三十九年,河北,邢台,内丘县,无,《内丘县志》,内丘县：风霾作孽，蝗飞蔽天。大饥，民食草根树皮，或剥殍肉，或呻吟气尚未绝而操刀剥之者，流离四方不可胜计。——崇祯《内丘县志》变纪,无
26,1560,明世宗嘉靖三十九年,山西,太原,静乐县,无,《静乐县志》,静乐县：岁大饥，人相食。——康熙《静乐县志》卷四灾变,无
27,1560,明世宗嘉靖三十九年,山西,晋中,榆次市,无,《榆次县志》,榆次市：大旱，无秋，人相食，多浮肿死。——万历《榆次县志》卷八灾祥,无
28,1560,明世宗嘉靖三十九年,山西,晋中,昔阳县,乐平县,《乐平县志》,昔阳县：七月，大旱，蝗。至四十年五月方雨，民饥，人相食。——乾隆十八年《乐平县志》卷二祥异,昔阳县为推测，原文为古代地名乐平县
29,1560,明世宗嘉靖三十九年,山西,晋中,太谷县,无,《太谷县志》,太谷县：旱，游饥。人相食。——咸丰《太谷县志》卷二,无
30,1560,明世宗嘉靖三十九年,山西,阳泉,平定县,无,《平定州志》,平定县：七月，大旱，蝗。至四十年五月方雨。民饥，人相食。——乾隆十四年《平定州志》卷二祥异,无
31,1560,明世宗嘉靖三十九年,山西,晋中,寿阳县,无,《寿阳县志》,寿阳县：大旱，蝗，四十年五月方雨，民饥，相食。——光绪《寿阳县志》卷十三集志,无
32,1560,明世宗嘉靖三十九年,山西,吕梁,交城县,无,《交城县志》,交城县：大饥，人相食。——康熙八年《交城县志》卷一灾祥,无
33,1560,明世宗嘉靖三十九年,山西,吕梁,文水县,无,《文水县志》,文水县：大饥，饿殍盈野，民弃子女，食人肉。——天启《文水县志》卷十灾祥,无
34,1560,明世宗嘉靖三十九年,山东,德州,德州市,无,《德州志》,德州市：大旱，麦谷全无。饥，人相食。——万历《德州志》卷十灾祥,无
35,1911,清宣统三年,河南,无,夏邑县,无,《夏邑县志》,夏邑县：春大饥，人相食。本省开仓赈米，义赈放钱，救活无算。——民国《夏邑县志》卷九灾异,无
36,1638,明思宗崇祯十一年,山西,无,襄垣县,无,《重修襄垣县志》,襄垣县：大旱。岁饥，人相食。——乾隆《重修襄垣县志》卷八祥异,无
37,1638,明思宗崇祯十一年,山西,无,武乡县,无,《武乡县志》,武乡县：是年，先旱后风。民饥，人相食。——乾隆《武乡县志》卷二灾祥,无
38,1638,明思宗崇祯十一年,山西,无,稷山县,无,《稷山县志》,稷山县：十一年至十三年频旱，野无青草，斗米千文，男女鬻者成市，草根树皮采食殆尽，甚至人相食。有幼懦独行，被人攫食者。有殡未旋踵，剖冢盗食者。有同室共寝，暮夜剔食者。有子死而父母食之者，父母死而子食之者。种种凄惨，不胜枚举。——康熙《稷山县志》卷一祥异,无
39,1638,明思宗崇祯十一年,山东,无,陵县,无,《陵县志》,陵县：岁歉，人无积蓄，父子夫妇相食，易子拆骸不是过也。邑令王彦芹严惩之，授亭长以杖犯者，置之死，死者数百，人渐戢。——康熙《陵县志》卷三祥异,无
40,1638,明思宗崇祯十一年,山东,泰安市,无,无,《华北、东北近五百年旱涝史料》,泰安市：大饥，人相食。——《华北、东北近五百年旱涝史料》第三分册，第8页。,无
41,1638,明思宗崇祯十一年,河南,无,密县,无,《密县志》,密县：十一至十四年旱蝗迭际，荒歉异常，道馑枕藉，人至相食，即父子夫妇亦有忍啖不忌者。知县朱敏许拊念流涕，曾绘《流民图》奏进。——顺治九年《密县志》卷七祥异,无
42,1638,明思宗崇祯十一年,湖北,无,竹溪县,无,《湖北通志》,竹溪县：饥，人相食。——嘉庆《湖北通志》卷四十六祥异,无
43,1456,明代宗景泰七年,山东,无,惠民县,无,《惠民县志》,山东：惠民县：大饥，人相食。——乾隆《惠民县志》卷四祥异,无
44,1561,明世宗嘉靖四十年,河北,无,静海县,无,《静海县志》,静海县：岁饥，人相食。——同治《静海县志》卷三灾祥,无
45,1561,明世宗嘉靖四十年,河北,无,平山县,无,《平山县志》,平山县：人相食。五月初旬雨。秋荻。——康熙《平山县志》卷一纪事,无
46,1561,明世宗嘉靖四十年,河北,无,东光县,无,《东光县志》,东光县：三月，县境大饥，人相食，疫死者甚众。——光绪《东光县志》卷十一样异,无
47,1561,明世宗嘉靖四十年,河北,无,青县,无,《青县志》,青县：连年饥，甚至有割死人以食者。——嘉庆《青县志》卷六蠲恤,无
48,1561,明世宗嘉靖四十年,河北,无,阜城县,无,《重修阜志》,阜城县：春，人相食，疫死甚众。——康熙《重修阜志》卷下祥异,无
49,1561,明世宗嘉靖四十年,河北,邢台市,无,无,《顺德府志》,邢台市：春，时方旱，赤地千里，历夏又不雨，迄秋一禾不登。饥甚，人相食，流移载道。——万历《顺德府志》卷四艺文,无
50,1561,明世宗嘉靖四十年,山西,无,五台县,无,《五台县志》,五台县：夏旱，麦豆枯干，盗起劫掠，人民相食。——康熙《五台县志》卷八祥异,无
51,1561,明世宗嘉靖四十年,山西,左权县,无,无,《山西通志》,左权县：米斗银二钱，人相食。——万历《山西通志》卷二十六灾祥,无
52,1561,明世宗嘉靖四十年,山西,无,寿阳县,无,《寿阳县志》,寿阳县：大旱，斗米钱二百余，人相食，殍尸枕藉。——光绪《寿阳县志》卷八祥异,无
53,1561,明世宗嘉靖四十年,湖北,无,宜都县,无,《宜都县志》,宜都县：春，雪深三尺。秋大疫，死者过半，沟渠皆殍，人相食。——康熙《宜都县志》卷十一灾祥,无
54,1533,明世宗嘉靖十二年,山西,无,离石县,无,《永宁州志》,离石县：秋七月，大旱。八月，霾雨不止，及晴，霜落如雪，禾杀尽。饥民流徙相食。——康熙《永宁州志》卷八灾祥,无
55,1533,明世宗嘉靖十二年,山西,无,洪洞县,无,《华北、东北近五百年旱涝史料》,洪洞县：春大饥，民相食。——《华北、东北近五百年旱涝史料》第五分册，第39页。,无
56,1605,明神宗万历三十三年,河北,唐山市,迁安县,无,《迁安县志》,迁安县：春大饥。至夏六月大雨，滦河水溢。道瘞相望，父鬻子。夫卖妻，人民相食。——康熙十八年《迁安县志》卷七灾祥,无
57,1605,明神宗万历三十三年,安徽,亳州市,蒙城县,无,《蒙城县志》,蒙城县：大疫，人相食。——顺治《蒙城县志》卷六灾祥,无
58,1503,明孝宗弘治十六年,安徽,无,天长县,无,《皇明天长志》,天长县：岁大饥，民相食。——嘉靖《皇明天长志》卷七灾祥,无
59,1562,明世宗嘉靖四十一年,山西,无,太谷县,无,《太谷县志》,太谷县：三十九至四十一年，岁大歉，百姓逃窜，在者食树皮草根，鸡猪绝于途，人皆相食，死尸枕藉于外，郊外童男女弃置不顾。——万历《太谷县志》卷八灾异,无
60,1805,清仁宗嘉庆十年,山西,晋城市,无,无,《凤台县续志》,山西：晋城市：大饥，人相食，斗米千钱。——光绪《凤台县续志》卷四纪事,无
61,1534,明世宗嘉靖十三年,山西,无,临汾市,无,《华北、东北近五百年旱涝史料》,临汾市：大饥，人相食。——《华北、东北近五百年旱涝史料》第五分册，第39页。,无
62,1534,明世宗嘉靖十三年,山西,无,翼城县,无,《华北、东北近五百年旱涝史料》,翼城县：大饥，人相食。——《华北、东北近五百年旱涝史料》第五分册，第39页。,无
63,1607,明神宗万历三十五年,浙江,无,吴兴县,无,《华东地区近五百年气候历史资料》,吴兴县：乌程淫雨。三吴沈灶产蛙，人相食。——《华东地区近五百年气候历史资料》第四分册，第49页。,无
64,1457,明英宗天顺元年,山东,济南市,无,无,《历乘》,济南市：大水。饥，人相食。——崇祯《历乘》卷十三灾祥,无
65,1457,明英宗天顺元年,山东,德州市,无,无,《德县志》,德州市：七月大雨，河与堤平。大饥，人相食。——民国《德县志》卷二纪事,无
66,1457,明英宗天顺元年,山东,无,临邑县,无,《德平县志》,临邑县：大潦，人相食。——康熙《德平县志》卷三灾祥,无
67,1457,明英宗天顺元年,山东,无,禹城县,无,《禹城县志》,禹城县：大雨阅月，禾伤尽。大饥，父子相食。——嘉庆《禹城县志》卷十一灾祥,无
68,1457,明英宗天顺元年,山东,无,平原县,无,《平远县志》,平原县：蝗，荐饥。发莹墓、斫道树殆尽，或父食其子。发太仓银以赈。——乾隆《平远县志》卷九灾祥,无
69,1457,明英宗天顺元年,山东,无,邹平县,无,《长山县志》,邹平县：三月大水。饥，人相食，发太仓银分赈。——康熙五十五年《长山县志》卷七灾祥,无
70,1457,明英宗天顺元年,山东,莱芜市,无,无,《莱芜县志》,莱芜市：饥，人相食。——光绪《莱芜县志》卷二灾祥,无
71,1863,清穆宗同治二年,山东,无,东阿县,无,《东阿县志》,东阿县：大稔，人相食。——民国《东阿县志》卷十五祥异,无
72,1863,清穆宗同治二年,浙江,无,建德县,无,《建德县志》,建德县：荒，人相食。是年，爵帅左宗棠给发耕牛籽本，拨款散振，并开设粥厂以济灾民。——民国《建德县志》卷一灾异,无
73,1863,清穆宗同治二年,贵州,遵义市,无,无,《续遵义府志》,遵义市：秋七月，遵义岁饥，时四境皆贼，民不能耕，东南两乡尤甚，斗米值银二两，至骨肉相残食。——民国《续遵义府志》卷十三样异,无
74,1863,清穆宗同治二年,安徽,无,无,无,《曾国藩全集·家书》,皖南食人肉，每斤卖百二十文。看来浩劫尚未满，天心尚未转也。——《曾国藩全集·家书》（二），第977页,无
75,1863,清穆宗同治二年,安徽,无,无,无,《曾国藩日记》转引《曾国藩全集·家书》,皖南到处食人。人肉始卖三十文一斤，近闻增至百二十文一斤。句容二溧（溧水、溧阳、并句容均属江苏，在江宁之南，与皖南接壤）八十文一斤。荒乱如此，今年若再凶歉，苍生将无噍类矣。——《曾国藩全集·家书》（二），第977页,句容二溧（句容、溧水、溧阳）属江苏，在江宁之南，与皖南接壤
76,1862,清穆宗同治元年,贵州,六盘水市,无,水城厅,《水城厅采访册》,六盘水市：大饥，人相食。——光绪《水城厅采访册》卷十祥异,水城厅为古代地名，原文为现代地名六盘水市
77,1862,清穆宗同治元年,云南,曲靖市,无,古越州,《古越州志》,曲靖市：岁饥，人相食。——光绪增订乾隆《古越州志》卷一灾祥,无
78,1862,清穆宗同治元年,云南,无,嵩明县,无,《续修嵩明州志》,嵩明县：五月大饥，人相食。——光绪《续修嵩明州志》卷二灾祥,无
79,1862,清穆宗同治元年,云南,保山市,无,无,《永昌府志》,保山市：大饥，人相食，野菜、田螺皆尽，死者无算。——光绪《永昌府志》卷三祥异,无
80,1862,清穆宗同治元年,安徽,皖南,无,无,《曾国藩全集·家书》,1862年，皖南，春荒，'口粮急缺，则到处皆然，百姓则皆人食人肉矣。'——邓云生编校：《曾国藩全集·家书》（二），岳麓书社1985年版，第814页。,无
81,1862,清穆宗同治元年,甘肃,无,镇原县,无,《重修镇原县志》转引《西北灾荒史》,1862年，甘肃，连年不登，'斗粟二万钱，人相食。'——《重修镇原县志》，转引自袁林著：《西北灾荒史》，甘肃人民出版社，第1695页。,无
82,1639,明思宗崇祯十二年,河北,天津,蓟县,无,《蓟州志》,蓟县：秋大饥，军民饿死无数，骨肉相食，道馑相望。——康熙十六年《蓟州志》卷一样异,无
83,1639,明思宗崇祯十二年,河北,石家庄,辛集市,无,《束鹿县志》,辛集市：崇祯十二、三年间，饥馑相仍，糠秕不给，草子树皮皆尽，人相食。——康熙《保定府祁州束鹿县志》卷九灾祥,原文为'辛集市'，非束鹿县，来源为康熙《保定府祁州束鹿县志》
84,1639,明思宗崇祯十二年,河北,石家庄,赞皇县,无,《赞皇县志》,赞皇县：连岁凶荒，斗米值银六钱，人多相食，白骨盈野，流移载道。即有恩赈，不能救其万一，至今言之惻然。——康熙《赞皇县志》卷九祥异,无
85,1639,明思宗崇祯十二年,河北,石家庄,栾城县,无,《栾城县志》,栾城县：大饥，人相食。——道光《栾城县志》卷末灾祥,无
86,1639,明思宗崇祯十二年,河北,廊坊,香河县,无,《香河县志》,香河县：饥荒，米石五两，人相食。河草人市，每斤钱三文。以至树皮草根无不采食，食之多中毒死。糟糠麸渣等物即为美食。山东流民携男女就食者道死相望，有人方死而肉为人剜去者，有人方死未绝而为人剥死者。——康熙《香河县志》卷十灾祥,无
87,1639,明思宗崇祯十二年,河北,保定,文安县,无,《保定县志》,文安县：飞蝗蔽日，米价十两一石，人相食。——康熙《保定县志》灾异,无
88,1639,明思宗崇祯十二年,河北,保定,雄县,无,《雄县乡土志》,雄县：时连年大旱，人相食。——光绪《雄县乡土志》卷四耆旧,无
89,1639,明思宗崇祯十二年,河北,邯郸,丘县,无,《丘县志》,丘县：十二、三年连荒，颗粒不收。谷价沸腾，每斗麦价银一两八钱，米价银一两九钱。人食树叶皮、草子根，后至人相食，加以瘟疫，各村男妇死者十不存一。——康熙《丘县志》卷八灾祥,无
90,1639,明思宗崇祯十二年,河北,邢台,邢台县,无,《邢台县志》,邢台县：大旱，人相食。——康熙《邢台县志》卷十二纪事,无
91,1639,明思宗崇祯十二年,河北,沧州,交河县,无,《华北、东北近五百年旱涝史料》,泊头市：交河县：旱、蝗蝻大，伤田稼，民饥…人相食，树皮草根无不采食。——《华北、东北近五百年旱涝史料》第二分册，第30页。,原文为'交河县'，泊头市为现代地名
92,1639,明思宗崇祯十二年,山西,晋中,灵石县,无,《灵石县志》,灵石县：十一年旱，十二年又旱，田园尽赤，民食树草，榆种断绝，斗米七钱，饿死载道者不可数计，人亦相食。——康熙《灵石县志》卷一样异,无
93,1639,明思宗崇祯十二年,山西,阳泉,平定县,无,《平定州志》,平定县：大饥，人相食。——乾隆三十四年《平定州志》卷五祥异,无
94,1639,明思宗崇祯十二年,山西,临汾,襄陵县,襄陵县,《襄陵县志》,襄汾县：荐饥。旱魃奇虐，米麦斗八钱，民食树皮草根，死者枕藉道路，人相食。知县李用质躬历各乡，劝谕设厂赈州，饥民赖以全活。——康熙《襄陵县志》卷七祥异,原文为'襄汾县'，此处应为'襄陵县'，襄陵为古代地名
95,1639,明思宗崇祯十二年,陕西,铜川,同官县,同官县,《同官县志》,铜川市：大旱，自正月不雨至于秋七月。八月，雨雹，半日乃止。岁大饥，斗米一两，人相食。——乾隆《同官县志》卷一样异,原文为'铜川市'，同官为古代地名，现为铜川市
96,1639,明思宗崇祯十二年,陕西,榆林,佳县,无,《葭州志》,佳县：大饥，人相食。——嘉庆《葭州志》卷下灾祥,无
97,1639,明思宗崇祯十二年,山东,泰安,泰安,无,《济南府志》,泰安市：济南郡县旱蝗，民饥。历城、齐河疫疠大作。泰安连岁大饥，人相食。——康熙《济南府志》卷十灾祥,无
98,1639,明思宗崇祯十二年,山东,潍坊,益都县,益都县,《益都县志》,青州市：自春正月不雨至六月。秋七月，大蝗，水涸。大饥，人相食。——康熙《益都县志》卷二祥异,原文为'青州市'，益都为古代地名，现为青州市
99,1639,明思宗崇祯十二年,山东,临沂,蒙阴县,无,《蒙阴县志》,蒙阴县：十二年至十四年，蝗蝻连灾，禾食既，民相食。——康熙十一年《蒙阴县志》卷二灾祥,无
100,1639,明思宗崇祯十二年,山东,济宁,泗水县,无,《泗水县志》,泗水县：十二、十三年，蠡喙害稼，野无野草。十月后，草木生花。大饥，草木食尽。母子相啖，比屋而是。——康熙《泗水县志》卷十一灾祥,无
101,1639,明思宗崇祯十二年,山东,菏泽,郓城县,无,《郓城县志》,郓城县：蝗灾，至平地尺半许，禾草树叶一空。大饥，人相食。——康熙《郓城县志》卷七灾祥,无
102,1639,明思宗崇祯十二年,山东,聊城,阳谷县,无,《寿张县志》,阳谷县：旱，蝗食禾草树叶一空。大饥，人相食。——光绪《寿张县志》卷十灾变,原文为'阳谷县'，来源为光绪《寿张县志》，疑似OCR错误或历史地名混用
103,1639,明思宗崇祯十二年,河南,三门峡,卢氏县,无,《明史·五行志》,河南大饥，人相食，卢氏、嵩、伊阳三县尤甚。——《明史·五行志》,原文'河南大饥，人相食，卢氏、嵩、伊阳三县尤甚'，此处为卢氏县记录
104,1639,明思宗崇祯十二年,河南,洛阳,嵩县,无,《明史·五行志》,河南大饥，人相食，卢氏、嵩、伊阳三县尤甚。——《明史·五行志》,原文'河南大饥，人相食，卢氏、嵩、伊阳三县尤甚'，此处为嵩县记录
105,1639,明思宗崇祯十二年,河南,洛阳,伊阳县,伊阳县,《明史·五行志》,河南大饥，人相食，卢氏、嵩、伊阳三县尤甚。——《明史·五行志》,原文'河南大饥，人相食，卢氏、嵩、伊阳三县尤甚'，此处为伊阳县记录
106,1639,明思宗崇祯十二年,河南,郑州,登封县,无,《登封县志》,登封县；旱，蝗。人相食。——康熙《登封县志》卷九灾祥,无
107,1639,明思宗崇祯十二年,河南,新乡,汲县,无,《卫辉府志》,汲县：三月，大风，沙霾昼晦。旱，蝗食麦。秋，盗起，人相食。石米八两，公鬻人肉。——顺治《卫辉府志》卷十九灾祥,无
108,1639,明思宗崇祯十二年,河南,新乡,辉县,无,《辉县志》,辉县：旱，蝗。自秋至明年庚辰不雨，又蝗，仅播种而不秀，秀而不实，斗米千钱。二三月，奇寒，人益困，兄弟朋友互相残食，率以为常。明年春益甚。去冬无雪，今秋无雨。——道光《辉县志》艺文,无
109,1639,明思宗崇祯十二年,河南,焦作,河内县,河内县,《河内县志》,沁阳县：臣以崇祯十二年六月初十日，自高平县调任河内，未数日水夺民稼，又数日蝗夺民稼。…去年无秋，今年又无春，穷民食树皮尽，至食草根，甚至父子、夫妻相食，人皆黄腮肿颊，眼如猪胆，饿死累累。——康熙《河内县志》卷四艺文,河内为古代地名，现为沁阳县
110,1639,明思宗崇祯十二年,河南,洛阳,汝阳县,汝阳县,《伊阳县志》,汝阳县：不雨。夏四月，蝗竟月，飞翔往来不定，所落之处草木靡有萌蘖。至秋八月嫁生，民间釜皿皆满，井水臭秽不可食。河南大饥，人相食，卢氏、嵩、伊阳三县尤甚。——乾隆《伊阳县志》卷四祥异,原文为'汝阳县'，伊阳为古代地名，现为汝阳县；此条与前'河南大饥，人相食'重复引用
111,1704,清圣祖康熙四十三年,山东,泰安,泰安,无,《清史稿》,泰安大饥，人相食，死者枕藉。——《清史稿》卷四四《灾异志五》,无
112,1704,清圣祖康熙四十三年,山东,泰安,肥城,无,《清史稿》,肥城，东平大饥，人相食。——《清史稿》卷四四《灾异志五》,无
113,1704,清圣祖康熙四十三年,山东,泰安,东平,无,《清史稿》,肥城，东平大饥，人相食。——《清史稿》卷四四《灾异志五》,无
114,1704,清圣祖康熙四十三年,山东,烟台,栖霞,无,《栖霞县续志》,栖霞县：通省大水，秋无禾。次年（1704年）春饥，人相食。诏蠲额赋，遣员分道赈济。——光绪《栖霞县续志》卷八祥异,栖霞为推测，原文为'栖霞县'
115,1704,清圣祖康熙四十三年,山东,淄博,博山,无,《博山县志》,淄博市：大饥，人相食。次年亦如之。——乾隆《博山县志》卷四灾祥,无
116,1704,清圣祖康熙四十三年,山东,东营,利津,无,《利津县志续编》,利津县：大水，岁大饥，人相食。——乾隆《利津县志续编》卷九祥异,无
117,1704,清圣祖康熙四十三年,山东,滨州,博兴,无,《重修博兴县志》,博兴县：大饥，斗粟千钱，人相食。免三年租税，遣官赈济。——道光《重修博兴县志》卷十三祥异,无
118,1704,清圣祖康熙四十三年,山东,潍坊,临朐,无,《临朐县志》,临朐县：春夏大旱，人相食。秋七月，蚜鲂为灾。——光绪《临朐县志》卷十大事表,无
119,1704,清圣祖康熙四十三年,山东,潍坊,昌邑,无,《昌邑县志》,昌邑县：春大饥。子女鬻贩，人相食，白骨枕藉。大疫。——乾隆《昌邑县志》卷七祥异,无
120,1704,清圣祖康熙四十三年,山东,潍坊,潍坊,潍县,《潍县志稿》,潍坊市：旱。大饥，斗粟千钱，人相食。时又新颁大钱，旧钱不行，有怀数緡不得数升米者，贫者多携子女鬻于市。兼以大疫，人死十五六。——民国《潍县志稿》卷三通纪,无
121,1704,清圣祖康熙四十三年,山东,青岛,胶州,胶县,《胶州志》,胶县：春大饥，人相食。蠲今明年租税。大疫。——乾隆《胶州志》卷六大事纪,胶州为推测，原文为'胶县'（乾隆时期地名），现为青岛市胶州市
122,1704,清圣祖康熙四十三年,山东,潍坊,高密,无,《高密县志》,高密县：大饥，人相食。斗粟银一两，民乏食，草根树皮无遗，死者相藉于道。夏大疫，村落尽墟。——康熙《高密县志》卷九祥异,无
123,1704,清圣祖康熙四十三年,山东,烟台,掖县,无,《掖县志》,掖县：大饥，疫。人相食，道瘞相充塞。——乾隆《掖县志》卷五祥异,无
124,1704,清圣祖康熙四十三年,山东,青岛,即墨,无,《即墨县志》,即墨县：春大饥，疫。饿殍相望，草根木皮立尽。蠲本年钱粮。——乾隆《即墨县志》卷十一灾祥,无
125,1704,清圣祖康熙四十三年,山东,烟台,龙口,黄县,《黄县志》,龙口市：大饥，斗栗银一两六钱，人至相食。——同治《黄县志》卷五祥异,龙口为推测，原文为'龙口市'（同治时期编纂地名，辖域同今），原文为'黄县'
126,1704,清圣祖康熙四十三年,山东,威海,威海,威海卫,《威海卫志》,威海市：春大饥，饿死者枕藉，或烧死人食之。夏秋瘟疫盛行，民死几半。——乾隆《威海卫志》卷一灾祥,无
127,1704,清圣祖康熙四十三年,山东,泰安,泰安,无,《泰安县志》,泰安县：春大饥。人相食，死者枕藉。——乾隆四十七年《泰安县志》卷十四祥异,无
128,1704,清圣祖康熙四十三年,山东,泰安,东平,东平州,《东平州志》,东平县：春饥，人相食。蒙蠲赈。——乾隆《东平州志》卷二十灾祥,无
129,1704,清圣祖康熙四十三年,山东,济宁,鱼台,无,《鱼台县志》,鱼台县：春大饥，人相食。——乾隆《鱼台县志》卷三灾祥,无
130,1703,清圣祖康熙四十二年,山东,无,蓬莱县,无,《增修登州府志》,蓬莱县：春，各属大水，五月大旱，至八月不雨，无禾。大饥，人相食。——光绪《增修登州府志》卷二十三水旱,无
131,1703,清圣祖康熙四十二年,山东,无,文登县,无,《文登县志》,文登县：是年通省饥馑，又值钱法更易，行使不便。夏秋复遭瘟疫，民死大半。榆皮柳叶采取一空，食屋草，啖人肉尤惨者。奉诏连免三年田租。——雍正《文登县志》卷一灾祥,无
132,1703,清圣祖康熙四十二年,山东,无,荣成县,无,《荣成县志》,荣成县：是年通省饥馑，又值钱法更易，行使不便。夏秋复遭瘟疫，民死大半。其惨至食屋草，啖人肉。诏连免三年田租。——道光《荣成县志》卷一灾祥,无
133,1703,清圣祖康熙四十二年,山东,无,汶上县,无,《续修汶上县志》,汶上县：大歉。赈饥，蠲免本年钱粮。至四十三年春，有相食者。——康熙《续修汶上县志》卷五灾祥,无
134,1703,清圣祖康熙四十二年,山东,无,郓城县,无,《郓城县志》,郓城县：大水。民饥，人相食。——康熙《郓城县志》卷七灾祥,无
135,1703,清圣祖康熙四十二年,山东,聊城,聊城县,聊城县,《聊城县志》,聊城县：夏五月，大雨。饥，人相食。——宣统《聊城县志》卷十一通纪,无
136,1703,清圣祖康熙四十二年,山东,茌平,茌平县,茌平县,《茌平县志》,茌平县：夏，河复大决，舟行陆地。一省告饥，多有鬻妻卖子者，人相食。——康熙四十九年《茌平县志》卷一灾祥,无
137,1703,清圣祖康熙四十二年,山东,莘县,莘县,无,《莘县志》,莘县：翌日大雨，浃旬不止，洪水骤至，禾尽淹。岁饥，人相食。平原广衍中可通舟楫，南至南乐，北至府治，遍成泽国。——光绪《莘县志》卷四饥异,无
138,1703,清圣祖康熙四十二年,山东,无,沂州,沂州,《清史稿》,冬，汶上、沂州、莒州、兖州、东昌、郓城大饥，人相食。——《清史稿》卷四四《灾异志五》,沂州为古代地名，推测为现代山东省临沂市
139,1812,清仁宗嘉庆十七年,山东,无,高密县,无,《高密县志》,高密县：大饥，人相食。免租赋。——光绪《高密县志》卷十纪事,无
140,1812,清仁宗嘉庆十七年,山东,无,栖霞县,无,《栖霞县续志》,栖霞县：春大饥，人相食。瘟疫盛行，里巷萧然。诏免田赋。——光绪《栖霞县续志》卷八祥异,无
141,1812,清仁宗嘉庆十七年,山东,无,费县,无,《华北、东北近五百年旱涝史料》第三分册,费县：大饥，人相食。——《华北、东北近五百年旱涝史料》第三分册，第100页。,无
142,1812,清仁宗嘉庆十七年,河南,无,林县,无,《华北、东北近五百年旱涝史料》第四分册,林县：连年蝗旱，人相食。——《华北、东北近五百年旱涝史料》第四分册，第14页。,无
143,1535,明世宗嘉靖十四年,甘肃,无,永昌县,无,《永昌县志》,永昌县：旱，民饥，人相食。——《永昌县志》（乾隆十四年），转引自《西北灾荒史》第414页。,无
144,1535,明世宗嘉靖十四年,甘肃,无,和政县,无,《和政县志》,和政县：大旱，人相食。——《和政县志》（民国十九年），转引自《西北灾荒史》第419页。,无
145,1458,明英宗天顺二年,湖北,武汉市,武昌县,无,《湖北通志》,武昌、汉阳、崇阳、汉川、京山自五月至九月不雨，人相食。——嘉庆《湖北通志》卷四十六祥异,无
146,1458,明英宗天顺二年,湖北,武汉市,汉阳县,无,《湖北通志》,武昌、汉阳、崇阳、汉川、京山自五月至九月不雨，人相食。——嘉庆《湖北通志》卷四十六祥异,无
147,1458,明英宗天顺二年,湖北,武汉市,崇阳县,无,《湖北通志》,武昌、汉阳、崇阳、汉川、京山自五月至九月不雨，人相食。——嘉庆《湖北通志》卷四十六祥异,无
148,1458,明英宗天顺二年,湖北,武汉市,汉川县,无,《湖北通志》,武昌、汉阳、崇阳、汉川、京山自五月至九月不雨，人相食。——嘉庆《湖北通志》卷四十六祥异,无
149,1458,明英宗天顺二年,湖北,武汉市,京山县,无,《湖北通志》,武昌、汉阳、崇阳、汉川、京山自五月至九月不雨，人相食。——嘉庆《湖北通志》卷四十六祥异,无
150,1458,明英宗天顺二年,湖北,武汉市,汉阳县,无,《汉阳县志》,武汉市：大旱，人相食。——乾隆《汉阳县志》卷四祥异,无
151,1458,明英宗天顺二年,湖北,武汉市,汉川县,无,《汉川县志》,汉川县：大旱，自五月至九月不雨，人相食。——同治《汉川县志》卷十四祥禄,无
152,1458,明英宗天顺二年,湖北,武汉市,崇阳县,无,《崇阳县志》,崇阳县：大旱，自五月至九月不雨，人相食。——同治《崇阳县志》卷十二灾祥,无
153,1608,明神宗万历三十六年,陕西,无,户县,无,《鄂县志》,户县：岁大饥，人相食。——康熙《鄂县志》卷八灾异,无
154,1608,明神宗万历三十六年,陕西,无,周至县,无,《重修盩厔县志》,周至县：岁大饥，人相食。——乾隆《重修盩厔县志》卷十三祥异,无
155,1709,清圣祖康熙四十八年,江苏,无,沛县,无,《徐州府志》,沛县：沛大饥，人相食，已大旱疫。——同治《徐州府志》卷二十五,无
156,1572,明穆宗隆庆六年,陕西,榆林,榆林县,无,《延绥镇志》,榆林县：复大饥，人相食。——万历《延绥镇志》卷三灾异,无
157,1572,明穆宗隆庆六年,陕西,延安,安塞县,无,《安塞县志》,安塞县：旱，饥，人相食。——民国《安塞县志》卷十祥异,无
158,1572,明穆宗隆庆六年,陕西,延安,洛川县,无,《洛川县志》,洛川县：旱，饥，人相食。——嘉庆《洛川县志》卷一祥异,无
159,1572,明穆宗隆庆六年,陕西,延安,黄陵县,中部县,《续修中部县志》,黄陵县：大饥，旱，人相食。——嘉庆《续修中部县志》卷二祥异,无
160,1572,明穆宗隆庆六年,陕西,延安市,无,无,《陕西通志》转引《西北灾荒史》,延安市：大旱，饥，人相食。——《陕西通志》（万历三十九年），转引自《西北灾荒史》第420页。,无
161,1864,清穆宗同治三年,江苏,无,无锡县,无,《无锡金匮县志》,江苏无锡县：春，西北乡人相食。——光绪《无锡金匮县志》卷三十一祥异,无
162,1864,清穆宗同治三年,贵州,无,桐梓县,无,《续遵义府志》,贵州桐梓县：桐梓县斗米值三千钱，饥民相食。——民国《续遵义府志》卷十三祥异,无
163,1864,清穆宗同治三年,云南,无,无,无,《云南天气灾害史料》,1864年，云南，大饥馑'旦伏于路，攫人而食。'——《云南天气灾害史料》，第375页。,无
164,1864,清穆宗同治三年,云南,无,景东县,无,《景东县志稿》,云南景东县：大饥馑，徂伏于路，爨人而食。——民国《景东县志稿》卷一灾异,无
165,1508,明武宗正德三年,河北,廊坊市,固安县,无,《固安县志》,固安县：大旱，人相食。——嘉靖《固安县志》卷九灾异,无
166,1508,明武宗正德三年,山东,临沂市,临沂市,无,《临沂县志》,临沂市：大旱，人相食。——民国《临沂县志》卷一通纪,无
167,1508,明武宗正德三年,山东,日照市,日照市,无,《日照县志》,日照市：大旱，人相食。——康熙《日照县志》卷一纪异,无
168,1508,明武宗正德三年,安徽,阜阳市,霍邱县,无,《霍邱县志》,霍邱县：蝗，大饥，疫，人相食。——乾隆《霍邱县志》卷十二灾祥,无
169,1508,明武宗正德三年,安徽,淮南市,寿县,无,《寿州志》,寿县：蝗，大饥，疫，人相食。——嘉靖《寿州志》卷八灾祥,无
170,1508,明武宗正德三年,安徽,亳州市,蒙城县,无,《蒙城县志》,蒙城县：大饥，人相食，复大疫。——顺治《蒙城县志》卷六灾祥,无
171,1508,明武宗正德三年,河南,平顶山市,鲁山县,无,《鲁山县志》,鲁山县：自四月始雨，继后昼晴夜雨，自七月终方止。夏麦秋禾俱未成熟，人相食者甚多，民多逃死。至四年，夏秋大熟，斗粟钱十文矣。——嘉靖《鲁山县志》卷十灾祥,无
172,1508,明武宗正德三年,河南,驻马店市,确山县,无,《确山县志》,确山县：夏旱，大饥，人相食。——乾隆《确山县志》卷四禨祥,无
173,1508,明武宗正德三年,河南,驻马店市,汝南县,无,《汝南志》,汝南县：是岁，郡中大旱，饥，人相食。——万历《汝南志》卷二十四灾祥,无
174,1508,明武宗正德三年,河南,驻马店市,上蔡县,无,《上蔡县志》,上蔡县：大旱，人相食。——康熙《上蔡县志》卷十二编年,无
175,1508,明武宗正德三年,河南,驻马店市,正阳县,无,《真阳县志》,正阳县：大旱，人相食，田野沟壑皆死尸。——嘉靖《真阳县志》卷九祥异,无
176,1508,明武宗正德三年,河南,信阳市,息县,无,《息县志》,息县：夏大旱，饥，人相食。——顺治《息县志》卷十灾异,无
177,1508,明武宗正德三年,河南,信阳市,固始县,无,《固始县志》,固始县：大旱，人相食。——嘉靖《固始县志》卷九灾祥,无
178,1508,明武宗正德三年,河南,信阳市,光山县,无,《光山县志》,光山县：夏旱，大饥，流亡满路，人有相食者。——嘉靖《光山县志》,无
179,1508,明武宗正德三年,湖北,襄樊市,襄樊市,无,《襄阳府志》,襄樊市：自五月不雨，至子己巳三月。民饥乏食，饿殍盈途，或有相食者。——正德《襄阳府志》卷九祥异,无
180,1609,明神宗万历三十七年,山西,无,阳曲县,无,《阳曲县志》,阳曲县：大荒，米珠薪桂，人至相食。——道光《阳曲县志》志余,无
181,1609,明神宗万历三十七年,山西,无,孟县,无,《孟县志》,孟县：大荒，旱，人相食。——乾隆《孟县志》卷二叢祥,无
182,1537,明世宗嘉靖十六年,河南,无,西平县,无,《西平县志》,河南：西平县：丁酉，庚子岁荐旱蝗，人相食。——康熙《西平县志》卷九艺文,干支纪年'丁酉，庚子岁'与嘉靖十六年存在差异，存疑
183,1462,明英宗天顺六年,山西,晋城市,无,无,《凤台县志》,晋城市：岁大饥，斗米千钱，民易子而食。——乾隆《凤台县志》卷十二纪事,无
184,1462,明英宗天顺六年,山西,晋城市,高平县,无,《高平县志》,高平县：岁大饥，都粟至千钱，官仓民积百无一存，少壮搏老稚以为食，甚且有易子而食者。——顺治《高平县志》卷九祥异,无
185,1580,明神宗万历八年,河南,无,沈丘县,无,《沈丘县志》,沈丘县：大水，饥，人相食。——顺治《沈丘县志》卷十三灾祥,无
186,1580,明神宗万历八年,河南,无,偃师县,无,《偃师县至》,偃师县：大饥，人相食。——顺治《偃师县至》卷二灾祥,"疑似OCR错误', '原文'偃师县至'可能是'偃师县志'之误'"
187,1865,清穆宗同治四年,安徽,无,无,皖南,《清史纪事本末》,1865年，皖南，大饥，'民相食，人肉一斤，价至百二十文。'——《清史纪事本末》，卷五十，同治中兴,无
188,1814,清仁宗嘉庆十九年,山东,无,汶上县,无,《四续汶上县志稿》,汶上县：大饥，人相食。秋八月大雨，坏庐舍无算。——宣统《四续汶上县志稿》灾祥,无
189,1814,清仁宗嘉庆十九年,安徽,无,霍邱县,无,《霍邱县志》,霍邱县：大旱，斗米千钱，人相食。——道光《霍邱县志》卷十二灾异,无
190,1814,清仁宗嘉庆十九年,河南,无,原阳县,无,《阳武县志》,原阳县：春大饥，饿殍遍野，树皮皆尽，人相食，鸡犬无声。赈。秋疟。——民国《阳武县志》卷一通纪,无
191,1814,清仁宗嘉庆十九年,河南,无,方城县,无,《方城县志》,方城县：春岁饥，人相食。——民国《方城县志》卷五灾异,无
192,1814,清仁宗嘉庆十九年,河南,无,汝阳县,无,《重修伊阳县志》,汝阳县：春，米买斗钱二千二百，人相食。——道光《重修伊阳县志》卷六祥异,无
193,1509,明武宗正德四年,山东,烟台市,无,无,《福山县志》,烟台市：大饥，人相食。——康熙《福山县志》卷一灾祥,无
194,1509,明武宗正德四年,山东,无,栖霞县,无,《栖霞县志》,栖霞县：大饥，人相食。——康熙十一年《栖霞县志》卷七祥异,无
195,1509,明武宗正德四年,山东,无,莱阳县,无,《莱阳县志》,莱阳县：大饥，人相食。——康熙《莱阳县志》卷九灾祥,无
196,1509,明武宗正德四年,山东,无,文登县,无,《文登县志》,文登县：大饥，人相食。——光绪《文登县志》卷十四灾异,无
197,1509,明武宗正德四年,山东,无,海阳县,无,《海阳县志》,海阳县：大饥，人相食。——乾隆《海阳县志》卷三灾祥,无
198,1509,明武宗正德四年,安徽,无,寿县,无,《寿州志》,寿县：夏大旱，蝗飞蔽日。岁大饥，人相食。——乾隆《寿州志》卷十一灾祥,无
199,1509,明武宗正德四年,安徽,阜阳市,无,无,《颍州志》,阜阳市：春大饥，人相食。——嘉靖十五年《颍州志》卷一郡纪,无
200,1509,明武宗正德四年,安徽,无,颍上县,无,《颍上县志》,颍上县：春大饥，人相吞噬。——顺治《颍上县志》卷十一灾祥,无
201,1509,明武宗正德四年,安徽,无,太和县,无,《太和县志》,太和县：春大饥，人相食。——民国《太和县志》卷十二灾祥,无
202,1509,明武宗正德四年,安徽,无,宿县,无,《宿州志》,宿县：夏大旱，蝗飞蔽日。岁大饥，人相食。——嘉靖《宿州志》卷八祥异,无
203,1509,明武宗正德四年,安徽,无,灵璧县,无,《灵璧县志》,灵璧县：夏大旱，蝗，岁饥，人相食。——康熙《灵璧县志》卷一祥异,无
204,1509,明武宗正德四年,安徽,无,凤阳县,无,《凤阳县志》,凤阳县：夏大旱，蝗飞蔽日。岁大饥，人相食。——乾隆《凤阳县志》卷十五纪事,无
205,1509,明武宗正德四年,安徽,无,广德县,无,《广德直录州志》,广德县：春饥，人相食。夏大疫，死者方计，遗骸载道。秋，大水灌城。冬，冰坚地坼，禽兽草木皆死。——乾隆《广德直录州志》卷四十八祥异,无
206,1538,明世宗嘉靖十七年,河南,无,新郑县,无,《新郑县志》,新郑县：大饥，人相食。——顺治《新郑县志》卷五祥异,无
207,1538,明世宗嘉靖十七年,河南,无,登封县,无,《登封县志》,登封县：蝗，人相食。——康熙《登封县志》卷九灾祥,无
208,1538,明世宗嘉靖十七年,河南,无,中牟县,无,《中牟县志》,中牟县：春大饥，人相食。——天启《中牟县志》卷二物异,无
209,1538,明世宗嘉靖十七年,河南,无,扶沟县,无,《扶沟县志》,扶沟县：十七年、十八年连大饥，人相食。——康熙三十八年《扶沟县志》卷四灾异,无
210,1538,明世宗嘉靖十七年,河南,无,西华县,无,《西华县志》,西华县：十七年、十八年大水，相继潰麦。岁大饥，人相食。——乾隆《西华县志》卷十五行,无
211,1538,明世宗嘉靖十七年,河南,无,临汝县,无,《汝州全志》,临汝县：大水，阖郡饥，人相食。——道光《汝州全志》卷九祥异,无
212,1538,明世宗嘉靖十七年,河南,无,杞县,无,《华北、东北近五百年旱涝史料》,杞县：夏六月，大水，民饥相食。——《华北、东北近五百年旱涝史料》第四分册，第24页。,无
213,1464,明英宗天顺八年,陕西,无,商县,无,《直录商州志》,商县：大饥，人相食。——乾隆《直录商州志》卷十四灾祥,无
214,1464,明英宗天顺八年,陕西,无,洛南县,无,《雒南县志》,洛南县：大饥，人相食。——康熙《雒南县志》卷七灾祥,无
215,1464,明英宗天顺八年,陕西,无,山阳县,无,《山阳县初志》,山阳县：大饥，人相食。——康熙《山阳县初志》卷二灾祥,无
216,1464,明英宗天顺八年,安徽,无,怀远县,无,《怀远县志》,怀远县：大饥，人相食。——雍正《怀远县志》卷八灾异,无
217,1721,清圣祖康熙六十年,河南,无,正阳县,无,《正阳县志》,正阳县：春大饥，人相食。——嘉庆《正阳县志》卷九祥异,无
218,1610,明神宗万历三十八年,河北,无,平山县,无,《平山县志》,平山县：春，斗米二钱，民相食。——康熙《平山县志》卷一事纪,无
219,1610,明神宗万历三十八年,河北,无,临城县,无,《临城县志》,临城县：大饥，有食人者。——康熙三十年《临城县志》卷八欵祥,无
220,1610,明神宗万历三十八年,山东,无,平度县,无,《华北、东北近五百年旱涝史料》,平度县：旱蝗饥，人相食。——《华北、东北近五百年旱涝史料》第三分册，第6页。,无
221,1510,明武宗正德五年,安徽,无,太和县,无,《太和县志》,安徽：太和县；春大饥，人相食。——民国《太和县志》卷十二,无
222,1581,明神宗万历九年,安徽,无,怀远县,无,《怀远县志》,怀远县：旱涝相仍，岁大饥，人有相食者。知县郑际可申灾抚恤，民持以安。——雍正《怀远县志》卷八灾异,无
223,1581,明神宗万历九年,湖北,无,枝江县,无,《枝江县志》,枝江县：大饥，人相食。——道光《枝江县志》卷十四氛祲,无
224,1643,明思宗崇祯十六年,浙江,湖州市,归安县,无,《归安县志》,湖州市：夏大旱，民饥，人相食。斗米四百钱。——康熙《归安县志》卷六灾祥,无
225,1643,明思宗崇祯十六年,河南,郑州市,新郑县,无,《新郑县志》,新郑县：旱，秋全无，荞种斗价六千。岁又大饥，至次年人相食。——顺治《新郑县志》卷五祥异,无
226,1866,清穆宗同治五年,甘肃,无,皋兰县,无,《重修皋兰县志》,春荐饥，斗粟值银三十七八两，人相食，死者无算。案：邑中所出米麦本不足供一邑之用，四五两年逆回滋扰，民多失种，邻县粮道阻绝，遂成千百年未有之灾。——光绪《重修皋兰县志》卷十四灾异,无
227,1866,清穆宗同治五年,甘肃,无,靖远县,无,《甘肃新通志》,春荞饥，人相食。——光绪《甘肃新通志》卷二祥异,无
228,1866,清穆宗同治五年,四川,无,无,无,《四川省近五百年旱涝史料》,1866年，四川，大饥，'人相食，逃亡几尽。'——《四川省近五百年旱涝史料》，第7页。,无
229,1866,清穆宗同治五年,贵州,无,荔波县,无,《荔波县志》,夏四月，黑气起城南，逾时始散。大饥，人相食。——光绪《荔波县志》卷一样异,无
230,1818,清仁宗嘉庆二十三年,河南,无,方城县,无,《方城县志》,方城县：大饥，人相食。——民国《方城县志》卷五灾异,无
231,1613,明神宗万历四十一年,江苏,无,赣榆县,无,《赣榆县志》,江苏：赣榆县：大旱，人相食，男女，道雍相望。——光绪《赣榆县志》卷十七祥异,无
232,1730,清世宗雍正八年,陕西,无,佳县,无,《葭州志》,陕西：佳县：大饥，死者积野，人相食，又大疫。——嘉庆《葭州志》卷下灾祥,无
233,1466,明宪宗成化二年,江苏,无,上元,无,《上元县志》,南京市：四月，上元等县饥，民相食，命户部赈之。——康熙《上元县志》卷十三 五行,无
234,1466,明宪宗成化二年,山西,无,无,代州,《太原府志》,代县：代州十月大雪，人相食。——万历《太原府志》卷二十六灾祥,代州为古代地名，山西省忻州市代县为推测，原文为古代地名代州
235,1466,明宪宗成化二年,山西,无,孟县,无,《孟县志》,孟县：岁大凶，人相食。赈饥。——乾隆《孟县志》卷二欵祥,无
236,1466,明宪宗成化二年,山西,无,临猗,无,《临晋县志》,临猗县：大饥，人相食。次年六月始雨。——民国《临晋县志》卷十四旧闻,无
237,1466,明宪宗成化二年,安徽,无,无,无,《安庆府志》,安庆市：旱，大饥，江淮人相食。——康熙二十二年《安庆府志》卷十四祥异,原文为府级泛指'江淮人相食'，非具体县
238,1466,明宪宗成化二年,河南,无,夏邑,无,《通许县志》,夏邑县：大饥，人相食。诏免全租，仍遣官赈贷。——嘉靖《通许县志》卷上祥异,无
239,1466,明宪宗成化二年,河南,无,虞城,无,《虞城县志》,虞城县：大饥，人相食。诏免租赈贷。——顺治《虞城县志》卷八灾祥,无
240,1466,明宪宗成化二年,河南,无,永城,无,《永城县志》,永城县：大饥，人相食。诏免全租，仍发谷赈之。——嘉靖《永城县志》卷四灾祥,无
241,1466,明宪宗成化二年,甘肃,无,狄道,无,《临洮府志》,临洮县等：四月，狄道、金兰、渭源、河州大旱，人相食。——万历《临洮府志》卷二十二祥异,无
242,1466,明宪宗成化二年,甘肃,无,渭源,无,《临洮府志》,临洮县等：四月，狄道、金兰、渭源、河州大旱，人相食。——万历《临洮府志》卷二十二祥异,无
243,1466,明宪宗成化二年,甘肃,无,无,河州,《临洮府志》,临洮县等：四月，狄道、金兰、渭源、河州大旱，人相食。——万历《临洮府志》卷二十二祥异,河州为古代地名，现代为临夏回族自治州
244,1466,明宪宗成化二年,甘肃,无,无,河州,《河州志》,临夏县：四月，大旱，饥，人相食。——嘉靖《河州志》卷一灾异,河州为古代地名，现代为临夏回族自治州
245,1511,明武宗正德六年,山西,无,蒲县,无,《蒲县志》,山西蒲县：大饥，人相食。——乾隆《蒲县志》卷九祥异,无
246,1511,明武宗正德六年,安徽,无,怀远县,无,《怀远县志》,安徽怀远县：蝗飞蔽日，岁大饥，人相食。——雍正《怀远县志》卷八灾异,无
247,1539,明世宗嘉靖十八年,河南,无,尉氏县,无,《尉氏县志》,尉氏县：大饥，死尸相枕藉于城外，人有割其肉以食者。——嘉靖《尉氏县志》卷四祥异,无
248,1539,明世宗嘉靖十八年,河南,无,宁陵县,无,《宁陵县志》,宁陵县：有虫，伤菽尽。大水，岁饥，民相食，死者遍野。——康熙《宁陵县志》卷十二灾祥,无
249,1539,明世宗嘉靖十八年,河南,无,鹿邑县,无,《鹿邑县志》,鹿邑县：春，大饥疫，人相食，死者枕藉于野。——康熙《鹿邑县志》卷八灾祥,无
250,1539,明世宗嘉靖十八年,河南,无,淮阳县,无,《续修陈州志》,淮阳县：大饥。夏秋霾雨没禾。民鬻妻子，逃散，人相食。——康熙《续修陈州志》卷四灾异,无
251,1539,明世宗嘉靖十八年,河南,无,鲁山县,无,《鲁山县志》,鲁山县：春大旱，秋大蝗，尤炽于十一年，野无遗禾，黎民相食者甚多，饿莩者枕藉道路。时春夏瘟疫大行，冬始方息。——嘉靖《鲁山县志》卷十灾祥,无
252,1539,明世宗嘉靖十八年,河南,无,汝南县,无,《汝南志》,汝南县：大旱，蝗飞蔽天。明年春大疫，人相食。诏免本年田租之半，仍遣官赈济。——万历《汝南志》卷二十四灾祥,无
253,1539,明世宗嘉靖十八年,河南,无,潢川县,无,《光州志》,潢川县：大旱，蝗灾。明年春大疫，人相食。——顺治《光州志》卷十二灾祥,无
254,1867,清穆宗同治六年,陕西,无,无,无,《清史稿》,1867年，陕甘，大饥，'人相食'——《清史稿》卷454《穆图善传》,无
255,1867,清穆宗同治六年,甘肃,无,无,无,《清史稿》,1867年，陕甘，大饥，'人相食'——《清史稿》卷454《穆图善传》,无
256,1867,清穆宗同治六年,贵州,无,织金县,无,《平远州续志》,织金县：岁大饥，往往有食人者。——光绪《平远州续志》卷二大事考,无
257,1642,明思宗崇祯十五年,山东,无,平阴县,无,《平阴县志》,平阴县：岁大饥，人相食，盗起。——顺治《平阴县志》卷八灾祥,无
258,1642,明思宗崇祯十五年,江苏,无,嘉定县,无,《嘉定县志》,嘉定县：春大疫，米石银二两，不数日至石五两，麦石二两八钱。人皆食糠枇尽，皆食麸屑尽，食榆皮草根。甚至将死之人割其肉食之，官不能禁也。复大疫，僵尸填沟塞道。——康熙《嘉定县志》卷三祥异,无
259,1642,明思宗崇祯十五年,江苏,无,宝山县,无,《宝山县志》,宝山县：春，民大饥，大疫。时米石银五两，麦二两，人食糠麸榆皮草根，至割将死人肉为食。——光绪《宝山县志》卷十四祥异,无
260,1642,明思宗崇祯十五年,江苏,无,崇明县,无,《崇明县志》,崇明县：大饥，茹糟糠、树皮革根俱尽，道死者枕藉相望。堡城一妪名秦痴婆，杀邻稚以食；又有沈安状黄姓者，食己子事觉，妪为众稗殉砸死，黄姓毙狱。——雍正《崇明县志》卷十七祲祥,无
261,1642,明思宗崇祯十五年,江苏,无,太仓县,无,《太仓州志》,太仓县：春，米斗钱千一百文，民相食，东乡有食子者。遗惠祠及隆福寺集饥民千余，日死无算。税粮急，幸漕米许三分之一改麦，然折价石一两五钱。——崇祯《太仓州志》卷十五灾祥,无
262,1642,明思宗崇祯十五年,江苏,无,如皋县,无,《华东地区近五百年气候历史资料》,如皋县：闰正月，岁大饥，民相食。——《华东地区近五百年气候历史资料》第二分册，第98页。,无
263,1642,明思宗崇祯十五年,浙江,无,湖州市,无,《乌青镇志》,湖州市：大饥，斗米四饯，人相食，盗贼蜂起。又大疫，十室九死。——民国《乌青镇志》卷二祥异,无
264,1642,明思宗崇祯十五年,浙江,无,桐乡县,无,《乌程县志》,桐乡县：大疫，十至九死。河溢大饥，人相食。——光绪《乌程县志》卷三六,无
265,1642,明思宗崇祯十五年,安徽,无,宿松县,无,《安庆府宿松县志》,宿松县：大饥，疫。诏明年以麦代漕，后令折，寻蠲。时连岁旱蝗，寇兵交讧，饥殍之惨，有母啖其亡子者。——康熙《安庆府宿松县志》卷三祥异,无
266,1642,明思宗崇祯十五年,安徽,无,太湖县,无,《安庆府太湖县志》,太湖县：大饥，又大疫。是岁斗米千钱，死者日以百计。道馑相望，人相残食，日晡不敢独行。——顺治《安庆府太湖县志》卷九灾样,无
267,1642,明思宗崇祯十五年,安徽,无,霍山县,无,《霍山县志》,霍山县：春，斗麦一千四百文，每米一碗六十文。山中树皮皆尽，父鬻子，夫鬻妻，易子以相食。——顺治《霍山县志》卷二灾祥,无
268,1642,明思宗崇祯十五年,湖北,无,黄冈县,无,《湖广通志》,黄冈县：黄州郡县境大饥，继以疫，人相食。——康熙《湖广通志》卷三祥异,无
269,1642,明思宗崇祯十五年,湖北,无,枣阳县,无,《枣阳县志》,枣阳县：斗米钱八千，人相食。——乾隆《枣阳县志》卷十七灾祥,无
270,1642,明思宗崇祯十五年,湖北,无,宜城县,无,《宜城县志》,宜城县：斗米十金，人相食。——同治《宜城县志》卷十祥异,无
271,1644,明思宗崇祯十七年、清世祖顺治元年,河北,无,赤城县,无,《龙门县志》,赤城县：正月朔，大风，日无光，雨土。夏大旱，民饥，人相食。九月，大疫。——康熙《龙门县志》卷二灾祥,无
272,1825,清宣宗道光五年,贵州,无,荔波县,无,《荔波县志》,贵州：荔波县：大饥，人相食。——光绪《荔波县志》卷一祥异,无
273,1467,明宪宗成化三年,甘肃,无,和政县,无,《和政县志》转引《西北灾荒史》,甘肃：和政县：四月，大旱，饥，人相食。——《和政县志》（民国十九年），转引自《西北灾荒史》第397页。,无
274,1614,明神宗万历四十二年,山东,无,章丘县,无,《章邱县志》,山东：章丘县：秋田颗粒无成，遂成饥，人食树皮，父子相食。——康熙《章邱县志》卷一灾祥,无
275,1614,明神宗万历四十二年,河北,无,盐山县,无,《华北、东北近五百年旱涝史料》,河北：盐山县：大旱，人相食。——《华北、东北近五百年旱涝史料》第二分册，第29页。,无
276,1540,明世宗嘉靖十九年,河南,无,确山县,无,《确山县志》,确山县：春大疫，人相食。诏免田租之半，遣官赈济。——乾隆《确山县志》禨祥,无
277,1540,明世宗嘉靖十九年,河南,无,西平县,无,《西平县志》,西平县：岁荐旱蝗，人相食。——康熙《西平县志》卷九艺文,无
278,1540,明世宗嘉靖十九年,河南,无,汝南县,无,《汝阳县志》,汝南县：春大疫，人相食。——顺治《汝阳县志》卷十外纪,无
279,1540,明世宗嘉靖十九年,河南,无,上蔡县,无,《上蔡县志》,上蔡县：春饥疫，人相食。——康熙《上蔡县志》卷十二编年,无
280,1540,明世宗嘉靖十九年,河南,无,息县,无,《息县志》,息县：春大饥，人相食，免田租之半。——顺治《息县志》卷十灾异,无
281,1868,清穆宗同治七年,甘肃,无,通渭县,无,《重修通渭县新志》,通渭县：春大饥，人相食，斗粟至十千有奇。秋稔。——光绪《重修通渭县新志》卷四灾祥,无
282,1868,清穆宗同治七年,甘肃,无,泾川县,无,《甘肃新通志》,泾川县：大饥，人相食，新瘞死尸食之殆尽。——光绪《甘肃新通志》卷二祥异,无
283,1868,清穆宗同治七年,甘肃,无,镇原县,无,《重修镇原县志》,镇原县：岁大饥，人相食，斗麦价三十余串。——民国《重修镇原县志》卷十八变异,无
284,1868,清穆宗同治七年,甘肃,天水市,无,无,《重纂秦州直录州新志》,天水市：州属大饥，麦斗至五千余，人相食。——光绪《重纂秦州直录州新志》卷二十四欽祥,无
285,1868,清穆宗同治七年,甘肃,无,古浪县,无,《古浪县志》,古浪县：春大饥，人相食。——民国《古浪县志》卷一灾异,无
286,1868,清穆宗同治七年,宁夏,无,隆德县,无,《重修隆德县志》,隆德县：岁大歉，斗米二十五、六千文不等。人相食，死者塞路。——民国《重修隆德县志》卷四祥异,无
287,1868,清穆宗同治七年,贵州,无,天柱县,无,《天柱县志》,天柱县：六月米贵，每斗价二千余文，卖妻鬻子，饿死不计其数，甚至有人食人肉者。——光绪《天柱县志》卷一样异,无
288,1583,明神宗万历十一年,甘肃,无,合水县,无,《合水县志》转引《西北灾荒史》,合水县：春，人有相食者。——《合水县志》（光绪三十四年），转引自《西北灾荒史》第1619页。,无
289,1512,明武宗正德七年,陕西,无,黄陵县,无,《续修中部县志》,黄陵县：大旱，人相食。——嘉庆《续修中部县志》卷二祥异,无
290,1512,明武宗正德七年,河南,无,禹县,无,《禹州志》,禹县：大饥，民食荞花、荆子，人相食。——顺治《禹州志》卷九濂祥,无
291,1512,明武宗正德七年,湖北,丹江口市,丹江口市,均州,《均州志》,丹江口市：春大饥，人相食。六月，蝗。——康熙《均州志》卷二灾祥,丹江口市为推测，原文为古代地名均州
292,1468,明宪宗成化四年,甘肃,临夏回族自治州,临夏县,河州,《甘肃新通志》转引《西北灾荒史》,临夏县：夏四月，临洮府属河州大旱，饥，人相食。——《甘肃新通志》（宣统元年），转引自《西北灾荒史》第398页。,city为推测，原文仅出现临夏县
293,1541,明世宗嘉靖二十年,河北,大名县,大名县,无,《大名县志》,大名县：大旱，饥。自春至夏五月乃雨，人相食，飞蝗蔽天。——民国《大名县志》卷二十六祥异,无
294,1541,明世宗嘉靖二十年,河南,滑县,滑县,无,《滑县志》,滑县：大旱，人饥相食。——顺治《滑县志》卷四祥异,无
295,1831,清宣宗道光十一年,陕西,无,紫阳县,无,《西北灾荒史》,紫阳县、平利县：紫阳、平利之镇坪等处岁大凶，人相食。——《汉江干流及主要支流洪水调查资料汇编》，转引自《西北灾荒史》第1691页。,转引自《汉江干流及主要支流洪水调查资料汇编》
296,1831,清宣宗道光十一年,陕西,无,平利县,无,《西北灾荒史》,紫阳县、平利县：紫阳、平利之镇坪等处岁大凶，人相食。——《汉江干流及主要支流洪水调查资料汇编》，转引自《西北灾荒史》第1691页。,转引自《汉江干流及主要支流洪水调查资料汇编》
297,1831,清宣宗道光十一年,江苏,无,盐城市,无,《盐城县志》,盐城市：夏六月十八日，运堤决马棚湾，县境水深五尺。岁大饥，人相食。——光绪《盐城县志》卷十七祥异,无
298,1831,清宣宗道光十一年,江苏,无,阜宁县,无,《虾沟里乘》,阜宁县：马棚湾决。次春大荒，人相食，镇西义地为大坑，饥民之死者辄投之，日凡数十人。——光绪《虾沟里乘》五行,无
299,1645,清世祖顺治二年,河南,无,正阳县,无,《真阳县志》,正阳县：春，积雪深数尺。大饥，人相食。——康熙《真阳县志》卷八灾祥,无
300,1645,清世祖顺治二年,湖北,无,无,无,《清史稿》,（顺治）二年（1645），襄阳、襄阳、光化、宣城大饥，人相食。——《清史稿》卷四四《灾异志五》,原文为'襄阳、襄阳、光化、宣城'，第二个'襄阳'疑似OCR错误或为'枣阳'，按原文拆分
301,1645,清世祖顺治二年,湖北,无,宜都县,无,《宜都县志》,宜都县：人逃田荒，大饥，饿殍盈壑，人相食。——康熙《宜都县志》卷十一灾祥,无
302,1645,清世祖顺治二年,湖北,无,无,无,《襄阳府志》,襄樊市：春米贵，人相食。——顺治《襄阳府志》卷十九灾祥,无
303,1645,清世祖顺治二年,湖北,无,谷城县,无,《谷城县志》,谷城县：春大饥，人相食。——同治《谷城县志》卷八祥异,无
304,1645,清世祖顺治二年,湖北,无,枣阳县,无,《枣阳县志》,枣阳县：仲夏大疫，人相食。——同洽《枣阳县志》卷十六祥异,'同洽'疑似OCR错误，应为'同治'
305,1645,清世祖顺治二年,湖北,无,宜城县,无,《宜城县志》,宜城县：春大饥，米大贵，人相食，多疫死。——同治《宜城县志》卷十祥异,无
306,1645,清世祖顺治二年,湖北,老河口市,无,无,《襄阳府志》,老河口市：春大饥，人相食。——顺治《襄阳府志》卷十九灾祥,无
307,1582,明神宗万历十年,陕西,咸阳市,无,无,《咸阳县志》,咸阳市：大旱，人相食。知县傅公需煮粥，民赖全活。——乾隆《咸阳县志》卷二十祥异,无
308,1582,明神宗万历十年,陕西,无,榆林县,无,《延绥镇志》,榆林县：旱。大饥，人相食。——万历《延绥镇志》卷三灾异,无
309,1582,明神宗万历十年,陕西,无,高陵县,无,《高陵县志》,高陵县：大旱，人相食。——雍正《高陵县志》卷四祥异,无
310,1582,明神宗万历十年,陕西,无,临潼县,无,《临潼县志》,临潼县：大旱，人相食。——康熙《临潼县志》卷六祥异,无
311,1582,明神宗万历十年,陕西,无,华阴县,无,《同州府志》,华阴县：华阴雨雹。是年大旱，人相食。——咸丰《同州府志》卷六沿革表,无
312,1582,明神宗万历十年,陕西,无,延安市,无,《陕西通志》,延安市：大旱，人相食。——康熙六年《陕西通志》卷三十祥异,无
313,1582,明神宗万历十年,陕西,无,洛川县,无,《洛川县志》,洛川县：大旱，饥，人相食。——嘉庆《洛川县志》卷一祥异,无
314,1582,明神宗万历十年,陕西,无,黄陵县,无,《续修中部县志》,黄陵县：大旱，人相食。——嘉庆《续修中部县志》卷二祥异,无
315,1582,明神宗万历十年,甘肃,无,庆阳县,无,《新修庆阳府志》,庆阳县：旱。大饥，人相食。——乾隆《新修庆阳府志》卷三十七祥眚,无
316,1582,明神宗万历十年,甘肃,无,合水县,无,《合水县志》,合水县：麦收一分，秋全无。是年及冬十一年春，人有相食者。——乾隆《合水县志》卷下祥异,无
317,1582,明神宗万历十年,甘肃,无,坏县,无,《环县志》,坏县：旱。大饥，人相食。——乾隆《环县志》卷十纪事,疑似OCR错误
318,1582,明神宗万历十年,甘肃,无,正宁县,无,《正宁县志》,正宁县：旱。大饥，人相食。——乾隆《正宁县志》卷十三祥眚,无
319,1582,明神宗万历十年,湖北,无,松滋县,无,《松滋县志》,松滋县：大饥，人相食。——康熙九年《松滋县志》卷下欽祥,无
320,1742,清高宗乾隆七年,安徽,无,蒙城县,无,《蒙城县志》,蒙城县：复大水，人相食。——同治《蒙城县志》卷十二祥异,无
321,1585,明神宗万历十三年,河南,无,孟县,无,《华北、东北近五百年旱涝史料》,河南：孟县：大饥，人相食，瘟疫。——《华北、东北近五百年旱涝史料》第四分册，第50页。,无
322,1513,明武宗正德八年,陕西,无,米脂,无,《米脂县志》,米脂：大饥，人相食。——《米脂县志》（光绪三十三年），转引自《西北灾荒史》第1606页。,转引自《西北灾荒史》第1606页
323,1871,清穆宗同治十年,河北,无,大城,无,《大城县志》,大城县：大水。无麦无禾，人将相食。——光绪《大城县志》卷九人物,无
324,1871,清穆宗同治十年,四川,无,无,无,《四川省近五百年旱涝史料》,1871年，四川，旱灾，'人相食'——《四川省近五百年旱涝史料》，第7页,无
325,1471,明宪宗成化七年,山东,淄博市,无,无,《淄川县志》,山东：淄博市：八月，大饥，人相食。——万历《淄川县志》卷二十二灾祥,无
326,1542,明世宗嘉靖二十一年,河北,无,大城县,无,《大城县志》,大城县：蝗，饥疫，人相食。——康熙《大城县志》卷八灾异,无
327,1542,明世宗嘉靖二十一年,河北,无,文安县,无,《文安县志》,文安县：饥，疫。人相食。——崇祯《文安县志》卷十一灾祥,无
328,1646,清世祖顺治三年,四川,无,无,无,《四川通志》,全蜀大饥，省米值钱三钱，人民相食。——嘉庆《四川通志》卷一六三行谊,无
329,1646,清世祖顺治三年,四川,无,丹棱县,无,《丹棱县志》,丹棱县：丙戌、丁亥连岁大旱、斗米三十金，人不得耕，起而相食，骸骨满野。——光緒《丹棱县志》卷七灾祥,无
330,1646,清世祖顺治三年,四川,无,井研县,无,《井研县志》,井研县：是岁大饥，人相食，斗米银三两。——光绪《井研县志》卷四十二纪年,无
331,1646,清世祖顺治三年,四川,无,彭水县,无,《增修酉阳直录州总志》,彭水县：彭邑大饥，人相食。彭邑大疫。——同治《增修酉阳直录州总志》卷末祥异,无
332,1646,清世祖顺治三年,四川,无,名山县,无,《名山县志》,名山县：三年、四年大饥，献逆为虐，杀戮盈野，人民相食，道路荆棘成林。——光绪《名山县志》卷九祥异,无
333,1743,清高宗乾隆八年,湖北,老河口市,无,无,《光化县志》,老河口市：春饥，人相食。——光绪《光化县志》卷八祥异,无
334,1875,清德宗光绪元年,山东,无,利津县,无,《利津县志》,利津县：岁饥，人相食，民苦无力。——民国《利津县志》卷九杂志,无
335,1832,清宣宗道光十二年,陕西,无,紫阳县,无,《紫阳县志》,紫阳县：夏秋阴雨过多，伤稼。岁大荒，人相食。——道光《紫阳县志》卷七祥异,无
336,1832,清宣宗道光十二年,江苏,宿迁市,无,无,《宿迁县志》,宿迁市：秋大水，冬大饥，人相食。——民国《宿迁县志》卷七旱蠲赈,无
337,1832,清宣宗道光十二年,江苏,无,邱县,无,《徐州府志》,邱县：邳州自二月不雨至于六月。秋，淫雨害稼。宿迁大饥，人相食。——同治《徐州府志》卷二五,原文为邱县，清代属邳州；宿迁大饥人相食
338,1832,清宣宗道光十二年,安徽,无,五河县,无,《重修五河县志》,五河县：二月不雨至于六月。立秋后雨雹，大雨伤稼，冬大饥，人相食。——光绪《重修五河县志》卷十九祥异,无
339,1832,清宣宗道光十二年,湖北,无,公安县,无,《公安县志》,公安县：春夏疫。大水，江陵江堤白庙子、松滋江堤朱家埠同决。秋八月十九至二十一日，昼夜风，拔树伐屋，人民溺死无算，…斗米价钱五百余文，人相食。——同治《公安县志》卷三祥异,无
340,1516,明武宗正德十一年,山东,无,滕县,无,《滕县志》,山东：滕县：大饥，人相食。——康熙五十六年《滕县志》卷三灾异,无
341,1586,明神宗万历十四年,天津,天津,宝坻县,无,《宝坻县志》,宝坻县：旱，飞蝗蔽空，邑令漆圆捕蝗三十石。大饥，民相食。——乾隆《宝坻县志》卷十四襤祥,无
342,1586,明神宗万历十四年,山西,无,太谷县,无,《太谷县志》,太谷县：大旱。官为煮粥济饥，人多相食。——咸丰《太谷县志》卷八灾祥,无
343,1586,明神宗万历十四年,山西,无,平遥县,无,《重修平遥县志》,平遥县：正月，旱至七月，五谷未种。秋后方雨，民有因之种麦者。一冬无雪，又旱至次年五月，麦田尽稿。二岁间，饶积之家仅可糊口，余有朝出而夕死者，有屠尸割肉而视者。——康熙《重修平遥县志》卷上灾异,无
344,1586,明神宗万历十四年,河南,无,登封县,无,《登封县志》,登封县：旱，谷斗全伤。大饥，人相食。——康熙《登封县志》卷九灾祥,无
345,1647,清世祖顺治四年,江西,宜春市,袁州区,袁州府,《袁州府志》,宜春市袁州府春大水，奇荒凡六阅月。百姓饿死枕藉，白骨如山，谷每石八九两，米每斗一两八九钱，士民多阖户而死。有漆匠瑞州人侨寓宜之北乡，杀子女食；乐安人父子种蓝，子食父。百姓三分死二，各乡白骨堆积。——康熙《袁州府志》卷十三灾祥,无
346,1647,清世祖顺治四年,江西,宜春市,袁州区,无,《宜春县志》,宜春市凡六阅月，饿莩相枕藉，白骨如山，人相食。——民国《宜春县志》,无
347,1647,清世祖顺治四年,江西,萍乡市,无,无,《萍乡县志》,萍乡市春大水。岁歉，米一石值金十余两，…疫痢交作，饥馑荐臻，食野草，啖糠秕，有杀人卖其肉者。——同治《萍乡县志》卷十,无
348,1647,清世祖顺治四年,四川,成都市,简阳市,无,《简阳县志》,简阳县：是岁大饥，谷石值银四十两，糙米斗值银七两，人相食。——民国《简阳县志》卷二十三编年,无
349,1647,清世祖顺治四年,四川,重庆市,彭水县,无,《增修酉阳直录总志》,彭水县：彭水大饥，人相食。彭邑斗米八两。是年彭水县六畜无遗种，城野无居民。——同治《增修酉阳直录总志》卷末祥异,无
350,1647,清世祖顺治四年,四川,雅安市,名山区,无,《名山县新志》,名山县：疫疠大作。播谷在田，军匪漉食殆尽。岁遂大饥，斗米值银十两，牛一只值百两，人民相食，山川愁惨。——民国《名山县新志》卷六纪事,无
351,1647,清世祖顺治四年,四川,雅安市,荥经县,无,《荥经县志》,荥经县：岁大歉，斗米值白锄十两，野菜树皮俱尽，人多相食。——民国《荥经县志》卷十三五行,无
352,1543,明世宗嘉靖二十二年,河北,保定市,新城县,无,《新城县志》,河北：新城县：大水。饥，死者遍于乡坊。有司赈济不及，始而人食死者，继而戕食生者。——道光《新城县志》卷十五祥异,无
353,1543,明世宗嘉靖二十二年,河南,郑州市,登封县,无,《登封县志》,河南：登封县：旱，人相食。——康熙《登封县志》卷九灾祥,无
354,1833,清宣宗道光十三年,陕西,安康市,紫阳县,无,《紫阳县志》,紫阳县：雨甚，自正月至九月共晴三十三日，其余非阴则雨。斗米值大钱一千六百文，贫民儿女典卖几尽，甚至骨肉相食。——道光《紫阳县志》卷七祥异,无
355,1833,清宣宗道光十三年,陕西,安康市,岚皋县,无,《重续兴安府志》,岚皋县：岁大饥，人相食。诏缓征兴安被灾厅县新旧赋额。——民国《重续兴安府志》卷二十一纪事,无
356,1833,清宣宗道光十三年,山东,临沂市,临沂市,无,《临沂县志》,临沂市：大水，大饥。人相食。——民国《临沂县志》卷一通纪,无
357,1833,清宣宗道光十三年,江苏,淮安市,涟水县,无,《安东县志》,涟水县：大饥，疾疫流行，道馑相望，居民食树皮草根，不足，至于人相食。父老云自乾隆五十一年以及今年，皆为百年来未见之奇荒。——光绪《安东县志》卷五灾异,无
358,1833,清宣宗道光十三年,安徽,亳州市,亳州市,无,《亳州志》,亳州市：大饥，人相食。——光绪《亳州志》卷十九祥异,无
359,1833,清宣宗道光十三年,安徽,宿州市,萧县,无,《续萧县志》,萧县：大饥，人相食，境内盗贼起。——同治《续萧县志》卷十八祥异,无
360,1833,清宣宗道光十三年,安徽,宿州市,泗县,无,《泗虹合志》,泗县：夏，霾雾伤麦，岁大饥，人相食。——光绪《泗虹合志》卷十九祥异,无
361,1833,清宣宗道光十三年,安徽,蚌埠市,五河县,无,《重修五河县志》,五河县：春疫。夏霾伤麦。岁大饥，人相食。——光绪《重修五河县志》卷十九祥异,无
362,1833,清宣宗道光十三年,湖北,十堰市,郧县,无,《郧阳府志》,郧县：春大饥，人相食。三月雨雹，麦不熟。秋旱，蝗。斗米钱二千四百，死者枕藉于道。——同治《郧阳府志》卷八祥异,无
363,1833,清宣宗道光十三年,湖北,十堰市,房县,无,《房县志》,房县：春，斗米钱千八百。民相食。——同治《房县志》卷六事纪,无
364,1833,清宣宗道光十三年,湖北,十堰市,竹溪县,无,《竹谿县志》,竹溪县：春大饥，人相食，死者无算。——同治《竹谿县志》卷十六水旱,无
365,1833,清宣宗道光十三年,四川,达州市,巫溪县,无,《大宁县志》,巫溪县：大旱，绝种粮，人相食。知县张如澎出济仓谷，全数发赈。——光绪《大宁县志》卷二灾异,无
366,1833,清宣宗道光十三年,四川,达州市,万源县,无,《太平县志》,万源县：五月大雨，秋严寒，大饥，人相食，牲畜草木俱尽，饿殍甚众。——光绪《太平县志》卷十祥异,无
367,1617,明神宗万历四十五年,河北,无,河津县,无,《河津县志》,河津县：夏大旱，赤地千里。入秋霾雨浃旬籽粒无收，人饥相食。——康熙《河津县志》卷八祥异,无
368,1617,明神宗万历四十五年,山东,无,肥城县,无,《肥城县志》,肥城县：旱蝗相连。人民相食，死者枕藉。——康熙《肥城县志》下卷,无
369,1617,明神宗万历四十五年,山东,无,莱州,无,《枣林杂俎》,莱州：万历四十五年，山东连续饥荒，莱州公开卖人肉。中州兄弟两无子，去山东买妾，遇二女，自称姑嫂，骗兄弟往。兄得小姑。小姑私语之曰：汝弟已为我嫂制成肉羹矣。兄急往视，弟头尚扔炕下。兄急诉之县，抵嫂于罪，兄带小姑去。——《枣林杂俎》,无
370,1517,明武宗正德十二年,河北,无,安新县,无,《安州志》,安新县：夏大水，民田涂没，寸草无余，人相食。——康熙《安州志》卷七祥异,无
371,1517,明武宗正德十二年,河北,无,安国县,无,《祁州志》,安国县：夏六月，大水，损禾稼。冬，人相食。——康熙《祁州志》卷十灾异,无
372,1472,明宪宗成化八年,河北,无,平山县,无,《平山县志》,平山县：大饥，民流殍相食。——康熙《平山县志》卷一纪事,无
373,1472,明宪宗成化八年,河北,邢台市,无,无,《顺德府志》,邢台市：大饥，人相食。——乾隆《顺德府志》卷十六祥异,无
374,1472,明宪宗成化八年,河北,无,沙河县,无,《宣化县新志》,沙河县：大饥，人相食。——民国《宣化县新志》卷一祥异,无
375,1472,明宪宗成化八年,河北,无,内丘县,无,《内邱县志》,内丘县：旱荒，人相食。——崇祯《内邱县志》变纪,无
376,1472,明宪宗成化八年,河北,无,广宗县,无,《怀来县志》,广宗县：大饥，人相食。——光绪《怀来县志》卷八杂识,无
377,1472,明宪宗成化八年,河北,无,平乡县,无,《平乡县志》,平乡县：大饥，人相食。——乾隆《平乡县志》卷一灾祥,无
378,1472,明宪宗成化八年,山西,无,榆次,无,《山西通志》,七月，太原又震。榆次、太古、寿阳、祁县、辽州雨雹伤禾，人相食。——雍正《山西通志》卷一六二祥异,疑似OCR错误，原文为'榆次、太古'，太古应为太谷县；辽州为推测，原文为古代地名辽州
379,1472,明宪宗成化八年,山西,无,太谷县,无,《山西通志》,七月，太原又震。榆次、太古、寿阳、祁县、辽州雨雹伤禾，人相食。——雍正《山西通志》卷一六二祥异,疑似OCR错误，原文为'太古'
380,1472,明宪宗成化八年,山西,无,寿阳县,无,《山西通志》,七月，太原又震。榆次、太古、寿阳、祁县、辽州雨雹伤禾，人相食。——雍正《山西通志》卷一六二祥异,无
381,1472,明宪宗成化八年,山西,无,祁县,无,《山西通志》,七月，太原又震。榆次、太古、寿阳、祁县、辽州雨雹伤禾，人相食。——雍正《山西通志》卷一六二祥异,无
382,1472,明宪宗成化八年,山西,无,无,辽州,《山西通志》,七月，太原又震。榆次、太古、寿阳、祁县、辽州雨雹伤禾，人相食。——雍正《山西通志》卷一六二祥异,辽州为推测，原文为古代地名辽州
383,1472,明宪宗成化八年,山西,无,阳曲县,无,《太原府志》,阳曲县：正月，阳曲雨雹，伤禾。岁大饥，人相食。——乾隆《太原府志》卷四十九祥异,无
384,1472,明宪宗成化八年,山西,榆次市,无,无,《榆次县志》,榆次市：七月雨雹，伤禾稼，人相食。——万历《榆次县志》卷八灾祥,无
385,1472,明宪宗成化八年,山西,无,太谷县,无,《太谷县志》,太谷县：雨雹损禾，大饥，人相食。——咸丰《太谷县志》卷二,无
386,1472,明宪宗成化八年,山西,无,寿阳县,无,《寿阳县志》,寿阳县：秋七月，雨雹，大饥，人相食。——乾隆《寿阳县志》卷八祥异,无
387,1472,明宪宗成化八年,山西,无,祁县,无,《祁县志》,祁县：七月，雨雹伤禾，人相食。——乾隆《祁县志》卷十一,无
388,1472,明宪宗成化八年,山东,淄博市,无,无,《淄川县志》,淄博市：大饥，人相食。——嘉靖《淄川县志》卷二祥异,无
389,1472,明宪宗成化八年,山东,无,临邑县,无,《临邑县志》,临邑县：大饥，人相食。——道光《临邑县志》卷十六纪祥,无
390,1472,明宪宗成化八年,山东,无,昌邑县,无,《昌邑县志》,昌邑县：大饥，人相食。——康熙《昌邑县志》卷一祥异,无
391,1472,明宪宗成化八年,山东,潍坊市,无,无,《潍县志》,潍坊市：大饥，人相食。——康熙《潍县志》卷五祥异,无
392,1472,明宪宗成化八年,山东,无,掖县,无,《掖县志》,掖县：大饥，人相食。——乾隆《掖县志》卷五祥异,无
393,1472,明宪宗成化八年,山东,新泰市,无,无,《新泰县志》,新泰市：人相食。——天启《新泰县志》卷八祥异,无
394,1472,明宪宗成化八年,山东,无,商河县,无,《华北、东北近五百年旱涝史料》,商河县：大饥，人相食。——《华北、东北近五百年旱涝史料》第三分册，第27页。,无
395,1834,清宣宗道光十四年,河南,无,林县,无,《续林县志》,林县：十四年至十七年，连年岁荒，人相食。——咸丰《续林县志》卷一祥异,无
396,1834,清宣宗道光十四年,湖北,无,秭归县,无,《归州志》,秭归县：大饥，人民流离，村落一空，行数十里不能籴斗粮，殍亡遍野，竟有人而食人者。秋大熟。——同治增刻嘉庆《归州志》,无
397,1834,清宣宗道光十四年,湖北,无,兴山县,无,《清史稿》,兴山县：'道光十四年（1834）春，归州、兴山大饥，人相食。'——《清史稿》卷四四《灾异志五》,无
398,1544,明世宗嘉靖二十三年,山东,无,莒县,无,《莒州志》,莒县：大饥，人相食。——嘉庆《莒州志》卷十五纪事,无
399,1616,明神宗万历四十四年,河北,无,盐山县,无,《交河县志》,盐山县：大饥，人民相食，饿莩载道。——康熙《交河县志》卷七灾祥,无
400,1616,明神宗万历四十四年,山东,无,栖霞县,无,《栖霞县志》,春大饥，时全省荒，人相食。朝廷发银十六万两、糟米十二万石，遣御史过庭训赈之。——康熙十一年《栖霞县志》卷七祥异,无
401,1616,明神宗万历四十四年,山东,无,临邑县,无,《德平县志》,临邑县：春大饥，人相食，发帑金三十万、仓米二十万赈之。——乾隆《德平县志》卷三灾祥,无
402,1616,明神宗万历四十四年,山东,无,惠民县,武定州,《武定州志》,惠民县：春大歉，人相食。——崇祯《武定州志》卷十一灾祥,无
403,1616,明神宗万历四十四年,山东,无,阳信县,无,《阳信县志》,阳信县：人相食。夏秋大疫。——康熙《阳信县志》卷三灾异,无
404,1616,明神宗万历四十四年,山东,无,蓬莱县,无,《登州府志》,蓬莱县：春，各属游饥，至人相食，饿殍载路，盗聚夜劫市，卖子女。——光绪《登州府志》卷二十三水旱丰饥,无
405,1616,明神宗万历四十四年,山东,龙口市,黄县,无,《黄县志》,龙口市：春大饥，斗粟千钱，饿殍载道，盗聚夜劫市，并人至相食，市卖子女。黄县设粥厂十二处。——康熙《黄县志》卷七祥异,原文为'龙口市'，现代为山东省烟台市龙口市；黄县为古代地名，今属龙口市
406,1616,明神宗万历四十四年,山东,无,莱阳县,无,《莱阳县志》,莱阳县：春大饥，人相食，赈银粟。——康熙《莱阳县志》卷九灾祥,无
407,1616,明神宗万历四十四年,山东,无,文登县,无,《文登县志》,文登县：大饥，人相食。…是春，斗粟千钱。——雍正《文登县志》卷一灾祥,无
408,1616,明神宗万历四十四年,山东,无,海阳县,无,《海阳县志》,海阳县：春大饥，人相食，赈银粟。——乾隆《海阳县志》卷三灾祥,无
409,1616,明神宗万历四十四年,山东,无,荣成县,无,《荣成县志》,荣成县：春大饥，人相食，斗粟千钱。——道光《荣成县志》卷一灾祥,无
410,1616,明神宗万历四十四年,山东,临沂市,临沂市,无,《临沂县志》,临沂市：饥，人相食。——民国《临沂县志》卷一通纪,原文为'临沂市'，万历年间为临沂县
411,1616,明神宗万历四十四年,山东,无,费县,无,《费县志》,费县：亢旱，大饥，人相食。——光绪《费县志》卷十六祥异,无
412,1616,明神宗万历四十四年,山东,无,肥城县,无,《肥城县志》,肥城县：旱蝗相连，人民相食，死者枕藉。——康熙《肥城县志》下卷,无
413,1616,明神宗万历四十四年,山东,莱芜市,莱芜市,无,《莱芜县志》,莱芜市：正月大饥，人相食，有食马者，甚至父杀其子食之，夫妇兄弟自相杀食，逃入徐、淮者以数十万计、春夏大饥，二月皆焦。五月，飞蝗蔽野，食秋禾一空，村落如扫。——光绪《莱芜县志》卷二灾祥,原文为'莱芜市'，万历年间为莱芜县
414,1616,明神宗万历四十四年,山东,曲阜市,曲阜市,无,《曲阜县志》,曲阜市：春大饥，蠲金赈之。夏旱，蝗。饥，人相食。——乾隆《曲阜县志》卷二灾祥,原文为'曲阜市'，万历年间为曲阜县
415,1616,明神宗万历四十四年,山东,青州市,青州市,无,《华北、东北近五百年旱涝史料》,青州市：大饥，人相食。——《华北、东北近五百年旱涝史料》第三分册，第7页。,原文为'青州市'，万历年间为青州府或益都县
416,1618,明神宗万历四十六年,河南,无,渑池县,无,《渑池县志》,渑池县：旱，蝗。人相食。——民国《渑池县志》卷十九祥异,无
417,1618,明神宗万历四十六年,广西,无,宜山县,无,《庆远府志》,宜山县等：庆远府属大旱，人相食，疫死者七八。庶民廖落始此。——道光《庆远府志》卷二十祥禄,无
418,1747,清高宗乾隆十二年,山东,临沂市,郯城,无,《沂州府志》,临沂市等：春，蒙阴大雨雪。郯城旱，人相食。夏四月，日照雨雹。五月，兰山、郯城、莒州、蒙阴、日照大水。蒙阴大疫，秋大饥，赈济。——乾隆《沂州府志》卷十六,无
419,1747,清高宗乾隆十二年,山东,无,泗水县,无,《泗水县志》,泗水县：岁大减，人相食。——光绪《泗水县志》卷十四灾祥,无
420,1747,清高宗乾隆十二年,山东,无,汶上县,无,《四续汶上县志稿》,汶上县：夏旱，蝗。岁大饥，人相食。——宣统《四续汶上县志稿》灾祥,无
421,1615,明神宗万历四十三年,河北,唐山市,迁安县,无,《迁安县志》,迁安县：春正月不雨，至于是七月。大荒，饥。人民结党抢掠，人相食。诏发仓赈济，劝富户输粟助赈。——康熙十八年《迁安县志》卷七灾祥,无
422,1615,明神宗万历四十三年,陕西,渭南市,澄城县,无,《澄城县志》转引《西北灾荒史》,澄城县：大饥，人相食。——《澄城县志》咸丰元年，转引自《西北灾荒史》第1625页。,无
423,1615,明神宗万历四十三年,山东,济南市,历城县,无,《历乘》,历城县：夏六月，大旱，东城楼兽喷烟，三月不雨。岁大饥，父子相食。——崇祯《历乘》卷十三灾祥,无
424,1615,明神宗万历四十三年,山东,济南市,章丘县,无,《章丘县志》,章丘县：大饥，人相食。——乾隆《章丘县志》卷五祥异,无
425,1615,明神宗万历四十三年,山东,淄博市,淄博市,无,《淄博县志》,淄博市：大饥，人相食。御史过庭训奉朝命来淄赈济。——康熙二十四年《淄博县志》卷一灾祥,原文为'淄博市'
426,1615,明神宗万历四十三年,山东,德州市,齐河县,无,《齐河县志》,齐河县：夏大旱，饥，人相食。遣御史过庭训赈之。——康熙《齐河县志》卷六灾祥,无
427,1615,明神宗万历四十三年,山东,德州市,禹城市,无,《禹城县志》,禹城县：大旱，赤地千里，人相食。——嘉庆《禹城县志》卷十一灾祥,无
428,1615,明神宗万历四十三年,山东,德州市,平原县,无,《平远县志》,平原县：春夏大旱，蝗，千里如焚。民饥，或父子相食。诏留税粮，遣御史过庭训赈之。庭训赈恤有方，全活者重。——乾隆《平远县志》卷九灾祥,无
429,1615,明神宗万历四十三年,山东,德州市,武城县,无,《武城县志》,武城县：大饥，人相食。——乾隆《武城县志》卷十二祥异,无
430,1615,明神宗万历四十三年,山东,德州市,庆云县,无,《庆云县志》,庆云县：大旱，人相食，群聚为盗。——康熙《庆云县志》卷十一灾祥,无
431,1615,明神宗万历四十三年,山东,滨州市,无棣县,无,《无棣县志》,无棣县：夏大旱，秋八月，陨霜。大饥，人相食，群聚为盗。——民国《无棣县志》卷十六祥异,无
432,1615,明神宗万历四十三年,山东,滨州市,滨县,无,《滨州志》,滨县：旱。秋八月，腊。岁大饥，人相食。——康熙《滨州志》卷八事纪,无
433,1615,明神宗万历四十三年,山东,东营市,利津县,无,《利津县新志》,利津县：大饥，人相食。——康熙《利津县新志》卷九祥异,无
434,1615,明神宗万历四十三年,山东,滨州市,沾化县,无,《沾化县志》,沾化县：是年，邑大旱，人相食，邻邑皆大饥。——民国《沾化县志》卷七大事纪,无
435,1615,明神宗万历四十三年,山东,东营市,广饶县,无,《乐安县续志》,广饶县：大饥，人相食。——康熙《乐安县续志》卷上纪年,无
436,1615,明神宗万历四十三年,山东,潍坊市,青州市,无,《青州府志》,青州市：青州大饥，人相食。自四月不雨，黍、谷、豆俱无。至八九月间，蝗台南地，食麦苗又尽，于是粟价涌贵，盗贼蜂起。——康熙十五年《青州府志》卷二十灾异,无
437,1615,明神宗万历四十三年,山东,潍坊市,寿光县,无,《寿光县志》,寿光县：旱，蝗。岁大饥，人相食。齐地生齿十去五六。——康熙《寿光县志》卷一总纪,无
438,1615,明神宗万历四十三年,山东,潍坊市,昌乐县,无,《昌乐县志》,昌乐县：夏旱，蝗。大饥，人相食。遣使赈荒。——嘉庆《昌乐县志》卷一总纪,无
439,1615,明神宗万历四十三年,山东,潍坊市,临朐县,无,《临朐县志》,临朐县：夏旱，蝗。秋大饥，父子相食。——光绪《临朐县志》卷十大事表,无
440,1615,明神宗万历四十三年,山东,潍坊市,安丘县,无,《续安邱县志》,安丘县：夏旱，蝗。秋大饥，栗价涌贵，民刮木皮和糠秕而食，林木为之一尽，饿死者道相枕藉，乃有割尸肉而食者。——康熙《续安邱县志》卷一总纪,无
441,1615,明神宗万历四十三年,山东,潍坊市,诸城市,无,《诸城县志》,诸城县：大旱，蝗。大饥，人相食，鬻子女，至有人市。——乾隆《诸城县志》卷二总纪,无
442,1615,明神宗万历四十三年,山东,潍坊市,昌邑县,无,《昌邑县志》,昌邑县：蝗，旱。至四十四年春大饥，人民相食，妇女南贩以千万计，名曰'贩梢'。途劫杀伤之横，亘古未见。——康熙《昌邑县志》卷一样异,无
443,1615,明神宗万历四十三年,山东,潍坊市,潍坊市,无,《潍县志》,潍坊市：大饥，人相食，妇女南贩以万计。——乾隆《潍县志》卷六祥异,无
444,1615,明神宗万历四十三年,山东,青岛市,胶州市,无,《胶州志》,胶县：夏大旱，有蝗，蚜鲂复起。禾稼尽，饥民相食。——康熙《胶州志》卷六灾祥,无
445,1615,明神宗万历四十三年,山东,潍坊市,高密市,无,《高密县志》,高密县：旱，蝗。饥，至人相食。——乾隆《高密县志》卷十纪事,无
446,1615,明神宗万历四十三年,山东,青岛市,平度市,无,《重修平度州志》,平度县：大疫，饥，至人相食。——道光《重修平度州志》卷二十六大事,无
447,1615,明神宗万历四十三年,山东,烟台市,莱州市,无,《掖县志》,掖县：春大旱，蝗，是岁大饥，人相食；寻复大疫，死者山积。——乾隆《掖县志》卷五祥异,无
448,1615,明神宗万历四十三年,山东,青岛市,即墨区,无,《即墨县志》,即墨县：大饥，人相食。寻又大疫，尸积如山。——乾隆《即墨县志》卷十一灾祥,无
449,1615,明神宗万历四十三年,山东,临沂市,临沂市,无,《沂州志》,临沂市：大饥，人民相食，流离载道，饿死者不可胜计。——康熙《沂州志》卷一灾异,无
450,1615,明神宗万历四十三年,山东,临沂市,郯城县,无,《郯城县志》,郯城县：蝗蝻遍野，禾稼一空，遂成大饥，人相食，父子、夫妻、兄弟不相保聚，或数十文钱即鬻其妻，一二饑即鬻其子。流亡载道，非常之灾。——康熙《郯城县志》卷九灾祥,无
451,1615,明神宗万历四十三年,山东,临沂市,沂水县,无,《沂水县志》,沂水县：大饥，人相食，村落皆空。——康熙《沂水县志》卷五灾祥,无
452,1615,明神宗万历四十三年,山东,日照市,日照市,无,《日照县志》,日照市：大旱，蝗。赤地千里，人相食，子女贩若牛羊，死者枕藉于野。——康熙《日照县志》卷一纪异,无
453,1615,明神宗万历四十三年,山东,泰安市,肥城市,无,《肥城县志书》,肥城县：四十二年至四十五年，三年旱蝗相连，人民相食，死者枕藉。——康熙《肥城县志书》卷下,无
454,1615,明神宗万历四十三年,山东,泰安市,新泰市,无,《新泰县志》,新泰市：大旱，井泉枯竭。八月，陨霜杀菽。冬大饥，人相食，死者相枕藉。——天启《新泰县志》卷八祥异,无
455,1615,明神宗万历四十三年,山东,泰安市,东平县,无,《东平州志》,东平县：大旱，民饥。流离卖妻鬻子子河南，人相食。——康熙《东平州志》卷六灾祥,无
456,1615,明神宗万历四十三年,山东,济宁市,兖州市,无,《滋阳县志》,兖州县：大旱，经年不雨。大饥，人民相食。——康熙《滋阳县志》卷二灾异,无
457,1615,明神宗万历四十三年,山东,济宁市,泗水县,无,《泗水县志》,泗水县：大饥，人相食。——顺治《泗水县志》卷十一灾异,无
458,1615,明神宗万历四十三年,山东,聊城市,冠县,无,《东昌府志》,冠县：大饥，人相食。——乾隆《东昌府志》卷三总纪,无
459,1615,明神宗万历四十三年,山东,滨州市,博兴县,无,《华北、东北近五百年旱涝史料》,博兴县：大荒，人相食。——《华北、东北近五百年旱涝史料》第三分册，第7页。,无
460,1615,明神宗万历四十三年,山东,济南市,商河县,无,《华北、东北近五百年旱涝史料》,商河县：大旱，人相食。——《华北、东北近五百年旱涝史料》第三分册，第33页。,无
461,1615,明神宗万历四十三年,山东,德州市,平原县,无,《华北、东北近五百年旱涝史料》,平原县：春夏大旱蝗，千里如焚，人相食。——《华北、东北近五百年旱涝史料》第三分册，第33页。,无
462,1615,明神宗万历四十三年,江苏,宿迁市,沭阳县,无,《沐阳县志》,沐阳县：春冰雹，杀禾，夏蝗。秋不雨，人相食，多瘟疫。——康熙《沐阳县志》卷一灾异,无
463,1615,明神宗万历四十三年,江苏,连云港市,赣榆区,无,《重修赣榆县志》,赣榆县：大旱，蝗。七月不雨，人相食。山东捎贩子女日数百车，攘夺相杀，道殛如山。——康熙《重修赣榆县志》卷四纪灾,无
464,1519,明武宗正德十四年,江苏,扬州市,无,无,《明史》,扬州市等：是岁，淮、扬饥，人相食。——《明史》卷一六《武宗本纪》,无
465,1587,明神宗万历十五年,山西,无,潞城县,无,《潞城县志》,潞城县：春疫大作，死者枕路，生者相食。——康熙《潞城县志》卷八祥异,无
466,1587,明神宗万历十五年,山西,无,襄陵县,无,《襄陵县志》,襄汾县：十四、十五两年，连遭大饥，民多食石脂，甚或人相食。——光绪《襄陵县志》卷十四祥异,无
467,1587,明神宗万历十五年,山西,无,乡宁县,无,《乡宁县志》,乡宁县：遭大饥，民多食石脂，甚或人相食。——顺治《乡宁县志》卷六祥异,无
468,1587,明神宗万历十五年,陕西,无,永寿县,无,《永寿县志余》,永寿县：大旱，人相食。——嘉庆《永寿县志余》卷六灾祥,无
469,1587,明神宗万历十五年,陕西,无,无,无,《潼关卫志》,潼关县：大饥，人相食。——康熙《潼关卫志》卷上灾祥,无
470,1587,明神宗万历十五年,陕西,无,米脂县,无,《米脂县志》,米脂县：大饥，人相食。知县张可立赈济。——康熙《米脂县志》卷一灾祥,无
471,1587,明神宗万历十五年,甘肃,无,庆阳县,无,《甘肃新通志》,春大疫。庆阳、文县。庄浪。清水等处旱，饥，人相食，流亡过半。——光绪《甘肃新通志》卷二祥异,无
472,1587,明神宗万历十五年,甘肃,无,文县,无,《甘肃新通志》,春大疫。庆阳、文县。庄浪。清水等处旱，饥，人相食，流亡过半。——光绪《甘肃新通志》卷二祥异,无
473,1587,明神宗万历十五年,甘肃,无,庄浪县,无,《甘肃新通志》,春大疫。庆阳、文县。庄浪。清水等处旱，饥，人相食，流亡过半。——光绪《甘肃新通志》卷二祥异,无
474,1587,明神宗万历十五年,甘肃,无,清水县,无,《甘肃新通志》,春大疫。庆阳、文县。庄浪。清水等处旱，饥，人相食，流亡过半。——光绪《甘肃新通志》卷二祥异,无
475,1587,明神宗万历十五年,甘肃,无,庆阳县,无,《甘肃新通志》转引《西北灾荒史》,庆阳、文县、庄浪、清水、正宁、秦州等处旱，饥，人相食，流亡过半。——《甘肃新通志》（宣统元年），转引自《西北灾荒史》第425页,无
476,1587,明神宗万历十五年,甘肃,无,文县,无,《甘肃新通志》转引《西北灾荒史》,庆阳、文县、庄浪、清水、正宁、秦州等处旱，饥，人相食，流亡过半。——《甘肃新通志》（宣统元年），转引自《西北灾荒史》第425页,无
477,1587,明神宗万历十五年,甘肃,无,庄浪县,无,《甘肃新通志》转引《西北灾荒史》,庆阳、文县、庄浪、清水、正宁、秦州等处旱，饥，人相食，流亡过半。——《甘肃新通志》（宣统元年），转引自《西北灾荒史》第425页,无
478,1587,明神宗万历十五年,甘肃,无,清水县,无,《甘肃新通志》转引《西北灾荒史》,庆阳、文县、庄浪、清水、正宁、秦州等处旱，饥，人相食，流亡过半。——《甘肃新通志》（宣统元年），转引自《西北灾荒史》第425页,无
479,1587,明神宗万历十五年,甘肃,无,正宁县,无,《甘肃新通志》转引《西北灾荒史》,庆阳、文县、庄浪、清水、正宁、秦州等处旱，饥，人相食，流亡过半。——《甘肃新通志》（宣统元年），转引自《西北灾荒史》第425页,无
480,1587,明神宗万历十五年,甘肃,天水市,无,秦州,《甘肃新通志》转引《西北灾荒史》,庆阳、文县、庄浪、清水、正宁、秦州等处旱，饥，人相食，流亡过半。——《甘肃新通志》（宣统元年），转引自《西北灾荒史》第425页,天水市为推测，原文为古代地名秦州
481,1587,明神宗万历十五年,甘肃,无,庄浪县,无,《庄浪志略》,庄浪县：又旱，人相食，流亡过半。——乾隆《庄浪志略》卷十九灾祥,无
482,1587,明神宗万历十五年,甘肃,无,文县,无,《甘肃新通志》,文县：旱，饥，人相食，流亡过半。——光绪《甘肃新通志》卷二祥异,无
483,1587,明神宗万历十五年,河南,无,原阳县,无,《原武县志》,原阳县：秋八月，河决冲横，四望皆赤。人相食，鬻女货妇无售者，童稚弃道而不育。——乾隆《原武县志》卷九艺文,无
484,1587,明神宗万历十五年,河南,无,林县,无,《林县志》,林县：夏大旱，秋无禾。冬，大饥，相食。——万历《林县志》卷八灾祥,无
485,1587,明神宗万历十五年,河南,无,汝阳县,无,《伊阳县志》,汝阳县：至六月不雨，荞麦每斗银四钱余。九月十二日，大雪尺余，晚禾尽杀。至次年春，邑民饥死盈野，父子相食。问之父老，自立县以来未有荒旱疫疠如此之甚。——顺治《伊阳县志》卷二灾异,无
486,1587,明神宗万历十五年,河南,无,灵宝县,无,《阌乡县志》,灵宝县：大饥，人相食。——顺治《阌乡县志》卷一灾异,无
487,1587,明神宗万历十五年,河南,无,陕县,无,《重修直录陕州志》,陕县：大饥，人相食。——乾隆《重修直录陕州志》卷十九灾祥,无
488,1649,清世祖顺治六年,四川,无,北川县,无,《石泉县志》,北川县：大饥，市无米，多持金饿死，人相食。——乾隆《石泉县志》卷四欽祥,无
489,1649,清世祖顺治六年,四川,无,彭水县,无,《彭水县志》,彭水县：戊子、己丑大饥疫，人相食，斗米银八两，六畜皆死。——光绪《彭水县志》卷四祥异,无
490,1835,清宣宗道光十五年,河南,无,林县,无,《续林县志》,林县：十四年至十七年，连年岁荒，人相食。——咸丰《续林县志》卷一祥异,无
491,1474,明宪宗成化十年,山西,无,壶关县,无,《壶关县志》,壶关县：霜雹大作，秋无禾。冬春人相食。——康熙《壶关县志》卷一灾祥,无
492,1474,明宪宗成化十年,陕西,无,无,无,《明实录》转引《西北灾荒史》,陕西旱，大饥，人相食。——《明实录》，转引自《西北灾荒史》第399页,无
493,1548,明世宗嘉靖二十七年,湖北,无,石首市,无,《石首县志》,石首市：大旱。米涌贵，有烹子食母者。——乾隆元年《石首县志》卷四灾异,无
494,1548,明世宗嘉靖二十七年,江苏,徐州市,无,无,《徐州志》,徐州市：二十七年，大水，历至三十二年益大水。历夏秋冬不消，兼之疫疠，道殣相望，民食草叶、榆皮不能自（疗？），甚至人相食者。钦命刑部侍郎吴鹏发赈。——顺治《徐州志》卷八灾祥,无
495,1619,明神宗万历四十七年,安徽,无,凤阳,无,《凤阳县志》,安徽：凤阳县：大旱，无麦禾，民食树皮，饿死者半。大饥，人相食。——乾隆《凤阳县志》卷十五纪事,无
496,1619,明神宗万历四十七年,河南,无,荥阳,无,《荥阳县志》,河南：荥阳县：大旱，人相食。——康熙《荥阳县志》卷一灾祥,无
497,1619,明神宗万历四十七年,河南,无,新安,无,《新安县志》,河南：新安县：旱，断青，人相食。——康熙《新安县志》卷十七灾异,无
498,1748,清高宗乾隆十三年,山东,泰安市,无,无,《泰安县志》,春大饥，人相食。夏大疫。——乾隆《泰安县志》卷末祥异,无
499,1748,清高宗乾隆十三年,山东,无,藤县,无,《滕县志》,五月十三日，雨雹，大如臼，民房舍坏损无算。麦被虫害。人相食。——道光《滕县志》卷五灾祥,原文为'藤县'，疑似OCR错误，应为'滕县'
500,1589,明神宗万历十七年,山东,泰安市,无,无,《泰安县志》,山东：泰安市：州屡饥，斗米三钱，贫民取饿殍肉食之，群盗蜂起。——乾隆四十七年《泰安县志》卷十四祥异,无
501,1589,明神宗万历十七年,安徽,合肥市,无,无,《庐州府志》,安徽：合肥市：府属大旱，饥，升米百钱，人相食。——康熙三十五年《庐州府志》卷三祥异,无
502,1589,明神宗万历十七年,安徽,无,六安县,无,《重修六安州志》,安徽：六安县：大饥，人相食。——康熙《重修六安州志》卷十祥异,无
503,1589,明神宗万历十七年,河南,无,息县,无,《息县志》,河南：息县：大旱，饥。自春至秋不雨，人相食。——顺治《息县志》卷十灾异,无
504,1589,明神宗万历十七年,河南,无,光山县,无,《光山县志》,河南：光山县：旱，斗米三钱。人相食。——顺治《光山县志》卷十二灾祥,无
505,1589,明神宗万历十七年,湖北,无,汉川县,无,《汉川县志》,湖北：汉川县：大旱，饥，人相食。——乾隆《汉川县志》祥禄,无
506,1589,明神宗万历十七年,湖北,鄂州市,无,无,《武昌县志》,湖北：鄂州市：大旱，人相食。——康熙《武昌县志》卷七灾异,无
507,1588,明神宗万历十六年,甘肃,庆阳,无,无,《甘肃新通志》,庆阳、文县、庄浪、清水等处旱，饥，人相食，流亡过半。,无
508,1588,明神宗万历十六年,甘肃,无,文县,无,《甘肃新通志》,庆阳、文县、庄浪、清水等处旱，饥，人相食，流亡过半。,无
509,1588,明神宗万历十六年,甘肃,无,庄浪,无,《甘肃新通志》,庆阳、文县、庄浪、清水等处旱，饥，人相食，流亡过半。,无
510,1588,明神宗万历十六年,甘肃,无,清水,无,《甘肃新通志》,庆阳、文县、庄浪、清水等处旱，饥，人相食，流亡过半。,无
511,1588,明神宗万历十六年,山东,无,泰安县,无,《泰安县志》,十六、十七年州屡饥，斗钱三钱，贫民取饿殍肉食之，群盗蜂起。,无
512,1588,明神宗万历十六年,山东,莱芜市,无,无,《莱芜县志》,饥，人相食。,无
513,1588,明神宗万历十六年,山东,菏泽市,无,无,《菏泽县志》,岁大饥，人食榆皮、草根既尽，遂相食，至父子、夫妻不相顾，且瘟疫盛行，饿及病死者大半，至有全家尽死者。,无
514,1588,明神宗万历十六年,山东,无,东明县,无,《东明县志》,大饥，斗米二百余钱，人相食。疫气流行，人死过半。夏麦大熟，委弃在野，不尽收割。,无
515,1588,明神宗万历十六年,山东,无,成武县,无,《华北、东北近五百年旱涝史料》,大饥，人相食。,无
516,1588,明神宗万历十六年,山东,无,定陶县,无,《华北、东北近五百年旱涝史料》,大饥，人相食，树皮草根殆尽。,无
517,1588,明神宗万历十六年,江苏,无,南汇县,无,《分建南汇县志》,大水，人相食。,无
518,1588,明神宗万历十六年,江苏,无,溧水县,无,《溧水县志》,岁大饥，人相食。知县杜充继申请应天府丞许疏，准动帑银筑凤贤圩各埂，饥民赖之。,无
519,1588,明神宗万历十六年,江苏,无,南通县,无,《州乘资》,大旱，民饥，人相食。,无
520,1588,明神宗万历十六年,江苏,徐州市,无,无,《徐州志》,春大饥，人相食。夏大疫，死者相望。,无
521,1588,明神宗万历十六年,江苏,淮安市,无,无,《华东地区近五百年气候历史资料》,五月，民饥相食。,无
522,1588,明神宗万历十六年,安徽,无,萧县,无,《徐州府志》,徐、肖春大饥，人相食，夏大疫，死者相枕。,无
523,1588,明神宗万历十六年,安徽,无,泗县,无,《明实录》,凤阳、泗州五月民饥，相食。,无
524,1588,明神宗万历十六年,安徽,无,凤阳县,无,《明实录》,凤阳、泗州五月民饥，相食。,无
525,1588,明神宗万历十六年,河南,郑州市,无,无,《郑州志》,瘟疫大作，民死几半，人相食。,无
526,1588,明神宗万历十六年,河南,无,荥阳县,无,《荥阳县志》,大饥，疫。人相食，白骨满路。,无
527,1588,明神宗万历十六年,河南,无,杞县,无,《杞乘》,春，大饥，人相食。夏四月，寒甚，数多风霾，昼常晦。是年，大疫，自春徂秋死者万余人。,无
528,1588,明神宗万历十六年,河南,无,新郑县,无,《新郑县志》,大饥，人相食。,无
529,1588,明神宗万历十六年,河南,无,中牟县,无,《中牟县志》,大饥，父子相食。疫死。,无
530,1588,明神宗万历十六年,河南,无,密县,无,《密县志》,大饥，人相食。,无
531,1588,明神宗万历十六年,河南,无,新乡县,无,《新乡县续志》,荒，人相食。大疫，死者枕藉，至不能殓，填弃沟壑。,无
532,1588,明神宗万历十六年,河南,无,获嘉县,无,《获嘉县志》,春旱大饥，疫起，死者枕藉，饥民相食。,无
533,1588,明神宗万历十六年,河南,无,济源县,无,《济源县志》,大饥，大疫，人相食。,无
534,1588,明神宗万历十六年,河南,无,原阳县,原武县,《原武县志》,春大饥，斗米二百钱，人相食，甚至骨肉相残。瘟疫大作，死者枕藉道路。,无
535,1588,明神宗万历十六年,河南,无,武陟县,无,《武陟县志》,春大饥，人相食，斗米千钱。瘟疫大作，死者枕藉道路。,无
536,1588,明神宗万历十六年,河南,无,孟县,无,《孟县志》,大饥，人相食，瘟疫，死者枕藉道路。,无
537,1588,明神宗万历十六年,河南,无,沁阳县,河内县,《河内县志》,大疫，大饥，死者枕藉，城野人相食。,无
538,1588,明神宗万历十六年,河南,无,修武县,无,《修武县志》,春，饥，民食树皮蒺藜等物殆尽，死者填塞道路，人或父子相食。夏，瘟疫大作，有一家全殒者，虽至亲不问吊。是岁属戊子，与嘉靖七年戊子合而尤甚。,无
539,1588,明神宗万历十六年,河南,无,浚县,无,《浚县志》,大饥，人相食。,无
540,1588,明神宗万历十六年,河南,无,淇县,无,《淇县志》,春大疫，人相食。,无
541,1588,明神宗万历十六年,河南,无,鄢陵县,无,《鄢陵文献志》,大饥，人相食，病瘟死伤尤众。,无
542,1588,明神宗万历十六年,河南,无,鄢城县,无,《鄢城县志》,春大饥，人相食。夏大疫，死者过半。,无
543,1588,明神宗万历十六年,河南,无,郏县,无,《郏县志》,大饥，人至相食。,无
544,1588,明神宗万历十六年,河南,无,禹县,禹州,《禹州志》,春大饥，人相食。夏大疫，死者甚众。,无
545,1588,明神宗万历十六年,河南,无,临汝县,汝州,《汝州全志》,春，阖郡大饥，人相食。,无
546,1588,明神宗万历十六年,湖北,无,罗田县,无,《罗田县志》,旱，人相食。,无
547,1836,清宣宗道光十六年,山东,无,广饶县,无,《续修广饶县志》,广饶县：岁大饥，人相食。——民国《续修广饶县志》卷二十六杂志,无
548,1836,清宣宗道光十六年,山东,无,诸城县,无,《增修诸城县续志》,诸城县：春饥，人相食，大疫。——光绪《增修诸城县续志》志一总纪,无
549,1836,清宣宗道光十六年,河南,无,林县,无,《续林县志》,林县：十四年至十七年，连年岁荒，人相食。——咸丰《续林县志》卷一祥异,无
550,1650,清世祖顺治七年,湖南,无,黔阳县,无,《黔阳县志》,黔阳县：庚寅、辛卯年连值奇荒，斗米银三两，民间初食草实、槐叶、树皮，继人相食，民几尽。——康熙《黔阳县志》卷一灾异,庚寅、辛卯年指顺治五至六年(1648-1649)，此处原文有误
551,1479,明宪宗成化十五年,河南,无,临汝县,无,《汝州全志》,临汝县：大饥，人相食，伊邑尤甚。——道光《汝州全志》卷九祥异,无
552,1479,明宪宗成化十五年,河南,无,嵩县,无,《嵩县志》,嵩县：大饥，人相食。——康熙三十年《嵩县志》卷十灾祥,无
553,1479,明宪宗成化十五年,河南,无,汝阳县,无,《重修伊阳县志》,汝阳县：大饥，人相食。——道光《重修伊阳县志》卷六祥异,无
554,1625,明熹宗天启五年,陕西,延安市,无,无,《国榷》,陕西延安市：是岁延安大饥，人相食。——《国榷》谈迁，转引自《西北灾荒史》第1627页。,无
555,1549,明世宗嘉靖二十八年,河北,无,获鹿县,无,《获鹿县志》,获鹿县：春夏大旱，至秋不雨。大饥，人相食。——嘉靖《获鹿县志》卷九纪事,无
