year_ce,decision,ref,v1_has,v1_cnt,v1_sim,v2_has,v2_cnt,v2_sim,v3_has,v3_cnt,v3_sim,v4_has,v4_cnt,v4_sim
1387,保留,"v1,v2,v4",1,1,1.0,1,1,1.0,0,0,,1,1,1.0
1404,保留,"v1,v2,v4",1,2,1.0,1,2,1.0,0,0,,1,2,1.0
1433,保留,"v1,v2,v4",1,1,1.0,1,1,1.0,0,0,,1,1,1.0
1438,需校验地区信息,"v1,v4",1,1,0.6667,1,1,0.3333,0,0,,1,1,0.6667
1439,保留,"v1,v2,v4",1,1,1.0,1,1,1.0,0,0,,1,1,1.0
1440,保留,"v1,v2,v4",1,2,1.0,1,2,1.0,0,0,,1,2,1.0
1450,保留,"v1,v2,v4",1,1,1.0,1,1,1.0,0,0,,1,1,1.0
1453,保留,"v1,v2,v4",1,2,1.0,1,2,1.0,0,0,,1,2,1.0
1454,需校验地区信息,"v1,v2",1,2,0.5,1,2,0.5,0,0,,1,2,0.3333
1456,保留,"v1,v2,v4",1,1,1.0,1,1,1.0,0,0,,1,1,1.0
1457,需进一步分析,"v2,v4",1,8,0.375,1,7,0.6667,0,0,,1,8,0.6667
1458,需人工处理,"v1,v4",1,4,0.5,0,0,,0,0,,1,8,0.5
1462,保留,"v1,v2,v4",1,2,1.0,1,2,1.0,0,0,,1,2,1.0
1464,保留,"v1,v2,v4",1,4,1.0,1,4,1.0,0,0,,1,4,1.0
1466,需人工处理,"v2,v4",1,1,0.3333,1,12,0.4167,0,0,,1,12,0.4167
1467,保留,"v1,v2,v4",1,1,1.0,1,1,1.0,0,0,,1,1,1.0
1468,需校验地区信息,"v2,v4",1,1,0.3333,1,1,0.6667,0,0,,1,1,0.6667
1471,保留,"v1,v2,v4",1,1,1.0,1,1,1.0,0,0,,1,1,1.0
1472,需进一步分析,v1,1,19,0.6667,1,22,0.3333,0,0,,1,23,0.6377
1473,需进一步分析,v4,1,13,0.641,1,16,0.6875,0,0,,1,16,0.7292
1474,保留,"v1,v2,v4",1,2,1.0,1,2,1.0,0,0,,1,2,1.0
1479,需校验地区信息,"v1,v4",1,3,0.6667,1,3,0.3333,0,0,,1,3,0.6667
1480,需校验地区信息,"v1,v2",1,1,0.6667,1,1,0.6667,0,0,,1,1,0.3333
1481,保留,"v1,v2,v4",1,6,1.0,1,6,1.0,0,0,,1,6,1.0
1482,保留,"v1,v2,v4",1,9,1.0,1,9,1.0,0,0,,1,9,1.0
1483,保留,"v1,v2,v4",1,6,1.0,1,6,1.0,0,0,,1,6,1.0
1484,需进一步分析,v1,1,48,0.8229,0,0,,0,0,,1,60,0.7583
1485,需进一步分析,v2,1,37,0.9099,1,36,0.9167,0,0,,1,35,0.8667
1486,保留,v1,1,12,1.0,1,13,0.9744,0,0,,1,13,0.9744
1487,需校验地区信息,"v1,v2",1,16,0.6042,1,16,0.6042,0,0,,1,16,0.3333
1488,需进一步分析,v1,1,8,0.8125,1,9,0.75,1,9,0.5,1,8,0.7812
1492,需校验地区信息,v4,1,4,0.4375,1,4,0.5,1,4,0.5625,1,4,0.625
1494,保留,"v1,v2,v3,v4",1,1,1.0,1,1,1.0,1,1,1.0,1,1,1.0
1503,保留,"v1,v2,v3,v4",1,1,1.0,1,1,1.0,1,1,1.0,1,1,1.0
1504,需校验地区信息,v4,1,4,0.6667,0,0,,1,4,0.5833,1,4,0.75
1508,需校验地区信息,"v1,v3,v4",1,15,0.7833,1,15,0.35,1,15,0.7833,1,15,0.7833
1509,需人工处理,v3,1,13,0.4615,1,12,0.375,1,13,0.4808,1,13,0.3846
1510,保留,"v1,v2,v3,v4",1,1,1.0,1,1,1.0,1,1,1.0,1,1,1.0
1511,保留,"v1,v2,v3,v4",1,2,1.0,1,2,1.0,1,2,1.0,1,2,1.0
1512,保留,"v1,v2,v3,v4",1,3,1.0,1,3,1.0,1,3,1.0,1,3,1.0
1513,保留,"v1,v2,v3,v4",1,1,1.0,1,1,1.0,1,1,1.0,1,1,1.0
1516,需校验地区信息,"v1,v3,v4",1,1,0.75,1,1,0.25,1,1,0.75,1,1,0.75
1517,保留,"v1,v2,v3,v4",1,2,1.0,1,2,1.0,1,2,1.0,1,2,1.0
1519,需校验地区信息,"v1,v2,v3",1,1,0.75,1,1,0.75,1,1,0.75,1,1,0.25
1520,需校验地区信息,"v1,v2,v3",1,1,0.75,1,1,0.75,1,1,0.75,1,1,0.25
1521,需校验地区信息,"v2,v4",1,9,0.6944,1,9,0.7222,1,9,0.25,1,9,0.7222
1522,需校验地区信息,v4,1,2,0.375,1,2,0.25,1,2,0.375,1,2,0.5
1523,需校验地区信息,v3,1,31,0.2742,1,31,0.6371,1,31,0.6613,1,31,0.6371
1524,需人工处理,v4,1,18,0.2917,1,18,0.4583,1,17,0.2941,1,18,0.4722
1525,保留,"v1,v2,v3,v4",1,1,1.0,1,1,1.0,1,1,1.0,1,1,1.0
1526,保留,"v1,v2,v3,v4",1,1,1.0,1,1,1.0,1,1,1.0,1,1,1.0
1527,保留,"v1,v2,v3,v4",1,1,1.0,1,1,1.0,1,1,1.0,1,1,1.0
1528,需人工处理,v4,1,46,0.4674,1,48,0.4323,1,47,0.3989,1,53,0.4764
1529,需人工处理,v4,1,25,0.3,1,25,0.31,1,33,0.4167,1,25,0.42
1530,需校验地区信息,"v1,v2,v3",1,1,0.75,1,1,0.75,1,1,0.75,1,1,0.25
1531,保留,"v1,v2,v3,v4",1,2,1.0,1,2,1.0,1,2,1.0,1,2,1.0
1532,保留,"v1,v2,v3,v4",1,2,1.0,1,2,1.0,1,2,1.0,1,2,1.0
1533,需校验地区信息,"v2,v3,v4",1,2,0.25,1,2,0.75,1,2,0.75,1,2,0.75
1534,保留,"v1,v2,v3,v4",1,2,1.0,1,2,1.0,1,2,1.0,1,2,1.0
1535,保留,"v1,v3,v4",1,2,1.0,0,0,,1,2,1.0,1,2,1.0
1537,保留,"v1,v2,v3,v4",1,1,1.0,1,1,1.0,1,1,1.0,1,1,1.0
1538,保留,"v1,v2,v3,v4",1,7,1.0,1,7,1.0,1,7,1.0,1,7,1.0
1539,需校验地区信息,"v1,v2,v3",1,7,0.75,1,7,0.75,1,7,0.75,1,7,0.25
1540,保留,"v1,v2,v3,v4",1,5,1.0,1,5,1.0,1,5,1.0,1,5,1.0
1541,保留,"v1,v2,v3,v4",1,2,1.0,1,2,1.0,1,2,1.0,1,2,1.0
1542,保留,"v1,v2,v3,v4",1,2,1.0,1,2,1.0,1,2,1.0,1,2,1.0
1543,保留,"v1,v2,v3,v4",1,2,1.0,1,2,1.0,1,2,1.0,1,2,1.0
1544,保留,"v1,v2,v3,v4",1,1,1.0,1,1,1.0,1,1,1.0,1,1,1.0
1548,需校验地区信息,"v2,v4",1,2,0.25,1,2,0.5,1,2,0.25,1,2,0.5
1549,保留,"v1,v2,v3,v4",1,1,1.0,1,1,1.0,1,1,1.0,1,1,1.0
1551,需校验地区信息,"v2,v3,v4",1,1,0.25,1,1,0.75,1,1,0.75,1,1,0.75
1552,需进一步分析,v4,1,6,0.6667,1,6,0.7917,1,6,0.7917,1,5,0.85
1553,需进一步分析,v1,1,24,0.7188,1,41,0.5671,1,37,0.2635,1,24,0.6979
1554,需校验地区信息,v3,1,19,0.6447,1,19,0.5658,1,19,0.6711,1,19,0.4079
1555,保留,"v1,v2,v3,v4",1,10,1.0,1,10,1.0,1,10,1.0,1,10,1.0
1556,需进一步分析,v2,1,8,0.5312,1,2,0.75,1,4,0.25,1,3,0.6667
1557,保留,"v1,v2,v3,v4",1,1,1.0,1,1,1.0,1,1,1.0,1,1,1.0
1558,需校验地区信息,"v1,v3,v4",1,3,0.8333,1,3,0.6667,1,3,0.8333,1,3,0.8333
1559,保留,"v1,v2,v3,v4",1,1,1.0,1,1,1.0,1,1,1.0,1,1,1.0
1560,需校验地区信息,v3,1,19,0.6447,1,19,0.2895,1,19,0.6842,1,19,0.6447
1561,需校验地区信息,"v3,v4",1,10,0.25,1,10,0.7,1,10,0.725,1,10,0.725
1562,保留,"v1,v2,v3,v4",1,1,1.0,1,1,1.0,1,1,1.0,1,1,1.0
1565,需校验地区信息,"v1,v3",1,2,0.5,0,0,,1,2,0.5,1,2,0.3333
1572,保留,"v1,v3,v4",1,5,1.0,0,0,,1,5,1.0,1,5,1.0
1580,保留,"v1,v2,v3,v4",1,2,1.0,1,2,1.0,1,2,1.0,1,2,1.0
1581,保留,"v1,v2,v3,v4",1,2,1.0,1,2,1.0,1,2,1.0,1,2,1.0
1582,需校验地区信息,v3,1,13,0.5962,1,13,0.5,1,13,0.6346,1,13,0.6154
1583,需校验地区信息,"v1,v2,v3",1,1,0.75,1,1,0.75,1,1,0.75,1,1,0.25
1585,保留,"v1,v2,v3,v4",1,1,1.0,1,1,1.0,1,1,1.0,1,1,1.0
1586,保留,v2,1,4,0.9375,1,3,1.0,1,4,0.9375,1,4,0.9375
1587,需进一步分析,"v3,v4",1,15,0.25,1,23,0.5761,1,23,0.6196,1,23,0.6196
1588,需人工处理,v4,1,36,0.4792,1,39,0.25,1,40,0.3062,1,40,0.4875
1589,需人工处理,v2,1,7,0.25,1,6,0.4583,1,7,0.3571,1,7,0.3214
1590,保留,"v1,v2,v3,v4",1,1,1.0,1,1,1.0,1,1,1.0,1,1,1.0
1591,保留,"v1,v2,v3,v4",1,3,1.0,1,3,1.0,1,3,1.0,1,3,1.0
1592,保留,"v1,v4",1,2,1.0,1,3,0.75,1,3,0.75,1,2,1.0
1593,需校验地区信息,v1,1,21,0.75,1,21,0.6786,1,21,0.3571,1,21,0.7381
1594,需校验地区信息,"v1,v4",1,18,0.4861,1,18,0.2639,1,18,0.2917,1,18,0.4861
1595,需校验地区信息,"v1,v2,v3",1,2,0.875,1,2,0.875,1,2,0.875,1,2,0.625
1598,需校验地区信息,v3,1,2,0.375,1,2,0.5,1,2,0.625,1,2,0.5
1599,保留,"v1,v2,v3,v4",1,1,1.0,1,1,1.0,1,1,1.0,1,1,1.0
1600,保留,"v1,v2,v3,v4",1,2,1.0,1,2,1.0,1,2,1.0,1,2,1.0
1601,保留,"v1,v2,v3,v4",1,3,1.0,1,3,1.0,1,3,1.0,1,3,1.0
1603,需校验地区信息,"v1,v3,v4",1,3,0.9167,1,3,0.75,1,3,0.9167,1,3,0.9167
1604,保留,v2,1,2,0.875,1,1,1.0,1,2,0.875,1,2,0.875
1605,需校验地区信息,"v1,v2,v3,v4",1,2,0.5,1,2,0.5,1,2,0.5,1,2,0.5
1607,保留,"v1,v2,v3,v4",1,1,1.0,1,1,1.0,1,1,1.0,1,1,1.0
1608,保留,"v1,v3,v4",1,2,1.0,0,0,,1,2,1.0,1,2,1.0
1609,需校验地区信息,"v1,v2,v3",1,2,0.875,1,2,0.875,1,2,0.875,1,2,0.625
1610,保留,"v1,v2,v3,v4",1,3,1.0,1,3,1.0,1,3,1.0,1,3,1.0
1613,保留,"v1,v2,v3,v4",1,1,1.0,1,1,1.0,1,1,1.0,1,1,1.0
1614,保留,"v1,v2,v3,v4",1,2,1.0,1,2,1.0,1,2,1.0,1,2,1.0
1615,需进一步分析,v3,1,42,0.3214,1,43,0.7151,1,43,0.7209,1,43,0.6744
1616,需进一步分析,"v2,v4",1,17,0.3382,1,16,0.6719,1,16,0.5938,1,16,0.6719
1617,需校验地区信息,"v1,v2,v3,v4",1,3,0.8333,1,3,0.8333,1,3,0.8333,1,3,0.8333
1618,保留,"v1,v2,v3,v4",1,2,1.0,1,2,1.0,1,2,1.0,1,2,1.0
1619,需校验地区信息,"v1,v2",1,3,0.5,1,3,0.5,1,3,0.25,1,3,0.25
1625,保留,"v1,v2,v3,v4",1,1,1.0,1,1,1.0,1,1,1.0,1,1,1.0
1627,需人工处理,v3,1,1,0.25,1,1,0.25,1,1,0.5,1,2,0.375
1629,保留,"v1,v2,v3,v4",1,6,1.0,1,6,1.0,1,6,1.0,1,6,1.0
1630,需进一步分析,v3,1,6,0.5417,1,6,0.4167,1,5,0.55,1,6,0.5417
1631,需校验地区信息,"v1,v3,v4",1,2,0.875,1,2,0.625,1,2,0.875,1,2,0.875
1632,需进一步分析,v1,1,3,0.75,1,3,0.25,1,4,0.6875,1,4,0.6875
1633,需校验地区信息,"v2,v3",1,6,0.25,1,6,0.5,1,6,0.5,1,6,0.25
1634,需进一步分析,v3,1,17,0.5735,1,19,0.5395,1,19,0.6842,1,19,0.5658
1635,保留,"v1,v2,v3,v4",1,3,1.0,1,3,1.0,1,3,1.0,1,3,1.0
1636,需进一步分析,v4,1,11,0.7045,1,11,0.3182,1,11,0.7045,1,10,0.725
1637,需校验地区信息,"v2,v3,v4",1,2,0.625,1,2,0.875,1,2,0.875,1,2,0.875
1638,需校验地区信息,"v1,v2,v3",1,7,0.9643,1,7,0.9643,1,7,0.9643,1,7,0.8929
1639,需人工处理,v1,1,28,0.4107,1,31,0.4032,1,27,0.2593,1,28,0.25
1640,需人工处理,v4,1,89,0.4579,1,163,0.3344,1,236,0.4333,1,238,0.4727
1641,需人工处理,v4,1,54,0.3704,1,137,0.3978,1,137,0.4617,1,140,0.4929
1642,需校验地区信息,"v2,v3,v4",1,14,0.9107,1,14,0.9464,1,14,0.9464,1,14,0.9464
1643,需进一步分析,v1,1,2,0.75,1,2,0.5,1,3,0.5833,1,2,0.5
1644,保留,"v1,v2,v3,v4",1,1,1.0,1,1,1.0,1,1,1.0,1,1,1.0
1645,需进一步分析,"v1,v4",1,8,0.9375,1,11,0.8182,1,10,0.85,1,8,0.9375
1646,保留,"v1,v2,v3,v4",1,5,1.0,1,5,1.0,1,5,1.0,1,5,1.0
1647,需校验地区信息,v2,1,7,0.5,1,7,0.5714,1,7,0.3929,1,7,0.5357
1648,需人工处理,v1,1,21,0.4762,1,31,0.4194,1,23,0.2717,1,28,0.2679
1649,保留,"v1,v2,v3,v4",1,2,1.0,1,2,1.0,1,2,1.0,1,2,1.0
1650,需校验地区信息,"v3,v4",1,1,0.25,1,1,0.25,1,1,0.5,1,1,0.5
1651,需人工处理,"v1,v2,v3",1,1,0.3333,1,1,0.3333,1,21,0.3333,0,0,
1653,需校验地区信息,"v2,v3",1,3,0.75,1,3,0.8333,1,3,0.8333,1,3,0.75
1657,保留,"v1,v2,v3,v4",1,1,1.0,1,1,1.0,1,1,1.0,1,1,1.0
1664,需校验地区信息,"v1,v3",1,1,0.5,0,0,,1,1,0.5,0,0,
1667,保留,v3,1,2,0.875,1,2,0.875,1,1,1.0,1,2,0.875
1671,保留,"v1,v2,v3,v4",1,1,1.0,1,1,1.0,1,1,1.0,1,1,1.0
1679,需校验地区信息,"v1,v2,v3",1,3,0.6667,1,3,0.6667,1,3,0.6667,1,3,0.3333
1691,保留,"v1,v2,v3,v4",1,1,1.0,1,1,1.0,1,1,1.0,1,1,1.0
1692,保留,"v1,v2,v3,v4",1,1,1.0,1,1,1.0,1,1,1.0,1,1,1.0
1693,需人工处理,"v1,v3",1,1,0.5,1,4,0.375,1,1,0.5,1,4,0.25
1697,需校验地区信息,"v1,v2,v4",1,1,0.75,1,1,0.75,1,1,0.25,1,1,0.75
1698,保留,"v1,v2,v4",1,2,1.0,1,3,1.0,1,3,0.75,1,2,1.0
1703,需人工处理,v2,1,8,0.3438,1,4,0.5,1,14,0.3571,1,10,0.375
1704,需人工处理,v2,1,17,0.2647,1,18,0.4583,1,22,0.25,1,24,0.4375
1709,保留,"v1,v3,v4",1,1,1.0,0,0,,1,1,1.0,1,1,1.0
1710,需校验地区信息,"v1,v2,v3,v4",1,1,0.5,1,1,0.5,1,1,0.5,1,1,0.5
1721,保留,"v1,v2,v3,v4",1,1,1.0,1,1,1.0,1,1,1.0,1,1,1.0
1730,保留,"v1,v2,v3,v4",1,1,1.0,1,1,1.0,1,1,1.0,1,1,1.0
1731,需校验地区信息,"v1,v2,v3",1,2,0.75,1,2,0.75,1,2,0.75,1,2,0.25
1742,保留,"v1,v2,v3,v4",1,1,1.0,1,1,1.0,1,1,1.0,1,1,1.0
1743,保留,"v1,v2,v3,v4",1,1,1.0,1,1,1.0,1,1,1.0,1,1,1.0
1746,需校验地区信息,"v1,v2,v3",1,1,0.75,1,1,0.75,1,1,0.75,1,1,0.25
1747,保留,v2,1,3,0.8333,1,2,1.0,1,3,0.75,1,3,0.8333
1748,需校验地区信息,"v2,v3,v4",1,2,0.375,1,2,0.625,1,2,0.625,1,2,0.625
1755,保留,"v1,v2,v3,v4",1,1,1.0,1,1,1.0,1,1,1.0,1,1,1.0
1756,保留,"v1,v2,v3,v4",1,1,1.0,1,1,1.0,1,1,1.0,1,1,1.0
1757,保留,"v1,v2,v3,v4",1,2,1.0,1,2,1.0,1,2,1.0,1,2,1.0
1759,需校验地区信息,"v1,v3,v4",1,2,0.75,1,2,0.25,1,2,0.75,1,2,0.75
1774,需校验地区信息,"v1,v2,v4",1,1,0.75,1,1,0.75,1,1,0.25,1,1,0.75
1777,需校验地区信息,"v2,v3,v4",1,1,0.25,1,1,0.75,1,1,0.75,1,1,0.75
1779,需校验地区信息,"v1,v3,v4",1,1,0.75,1,1,0.25,1,1,0.75,1,1,0.75
1784,保留,"v1,v2,v3,v4",1,1,1.0,1,1,1.0,1,1,1.0,1,1,1.0
1785,需进一步分析,v1,1,15,0.7667,1,18,0.4861,1,18,0.7361,1,18,0.7361
1786,需进一步分析,v2,1,26,0.3077,1,26,0.5385,1,27,0.3148,1,27,0.537
1787,保留,"v1,v2,v3,v4",1,1,1.0,1,1,1.0,1,1,1.0,1,1,1.0
1792,保留,"v1,v2,v3,v4",1,2,1.0,1,2,1.0,1,2,1.0,1,2,1.0
1805,需校验地区信息,"v1,v3,v4",1,1,0.75,1,1,0.25,1,1,0.75,1,1,0.75
1812,保留,"v1,v3,v4",1,4,1.0,0,0,,1,4,1.0,1,4,1.0
1813,需校验地区信息,"v3,v4",1,12,0.5556,0,0,,1,12,0.7778,1,12,0.7778
1814,保留,"v1,v2,v3,v4",1,5,1.0,1,5,1.0,1,5,1.0,1,5,1.0
1818,保留,"v1,v2,v3,v4",1,1,1.0,1,1,1.0,1,1,1.0,1,1,1.0
1825,保留,"v1,v2,v3,v4",1,1,1.0,1,1,1.0,1,1,1.0,1,1,1.0
1831,需进一步分析,v3,1,3,0.5,1,3,0.25,1,4,0.5625,1,4,0.5
1832,需进一步分析,v4,1,5,0.8,1,6,0.6667,1,5,0.8,1,5,0.85
1833,需进一步分析,v1,1,13,0.6923,1,12,0.2708,1,16,0.6562,1,13,0.6731
1834,保留,"v1,v2,v3,v4",1,3,1.0,1,3,1.0,1,3,1.0,1,3,1.0
1835,保留,"v1,v2,v3,v4",1,1,1.0,1,1,1.0,1,1,1.0,1,1,1.0
1836,保留,"v1,v2,v3,v4",1,3,1.0,1,3,1.0,1,3,1.0,1,3,1.0
1837,保留,"v1,v2,v3,v4",1,4,1.0,1,4,1.0,1,4,1.0,1,4,1.0
1838,保留,"v1,v2,v3,v4",1,1,1.0,1,1,1.0,1,1,1.0,1,1,1.0
1847,需人工处理,"v1,v4",1,4,0.5,1,4,0.4375,1,9,0.4167,1,9,0.5
1848,保留,"v1,v2,v3,v4",1,1,1.0,1,1,1.0,1,1,1.0,1,1,1.0
1849,保留,"v2,v3,v4",1,3,0.75,1,1,1.0,1,1,1.0,1,1,1.0
1852,保留,"v1,v2,v3,v4",1,1,1.0,1,1,1.0,1,1,1.0,1,1,1.0
1853,需校验地区信息,"v1,v3,v4",1,3,0.9167,1,3,0.75,1,3,0.9167,1,3,0.9167
1856,保留,"v1,v2,v3,v4",1,1,1.0,1,1,1.0,1,1,1.0,1,1,1.0
1857,需进一步分析,v2,1,8,0.6875,1,11,0.7045,1,12,0.6042,1,12,0.6875
1858,保留,"v1,v2,v3,v4",1,4,1.0,1,4,1.0,1,4,1.0,1,4,1.0
1860,保留,"v1,v2,v3,v4",1,2,1.0,1,2,1.0,1,2,1.0,1,2,1.0
1861,保留,"v1,v2,v3,v4",1,1,1.0,1,1,1.0,1,1,1.0,1,1,1.0
1862,需人工处理,v1,1,1,0.5,1,6,0.375,1,6,0.2917,1,6,0.375
1863,需进一步分析,v1,1,5,0.7,1,6,0.5417,1,5,0.65,1,5,0.6
1864,需校验地区信息,"v1,v3,v4",1,4,0.5,0,0,,1,4,0.5,1,4,0.5
1865,保留,"v1,v2,v3,v4",1,1,1.0,1,1,1.0,1,1,1.0,1,1,1.0
1866,需校验地区信息,v1,1,4,0.625,1,4,0.5625,1,4,0.5,1,4,0.4375
1867,需进一步分析,v4,1,2,0.5,1,3,0.6667,1,3,0.6667,1,1,0.75
1868,需校验地区信息,"v1,v3",1,7,0.75,1,7,0.6786,1,7,0.75,1,7,0.3214
1871,保留,"v1,v2,v3,v4",1,2,1.0,1,2,1.0,1,2,1.0,1,2,1.0
1875,保留,"v1,v2,v3,v4",1,1,1.0,1,1,1.0,1,1,1.0,1,1,1.0
1876,需人工处理,v1,1,1,0.5,1,1,0.25,1,2,0.25,1,3,0.3333
1877,需进一步分析,v1,1,96,0.7292,1,100,0.715,1,96,0.6589,1,67,0.7239
1878,保留,v4,0,0,,0,0,,0,0,,1,32,1.0
1889,保留,"v1,v2,v3,v4",1,1,1.0,1,1,1.0,1,1,1.0,1,1,1.0
1892,需校验地区信息,"v1,v2,v4",1,3,0.8333,1,3,0.8333,1,3,0.5,1,3,0.8333
1893,保留,"v1,v2,v3,v4",1,2,1.0,1,2,1.0,1,2,1.0,1,2,1.0
1896,保留,"v1,v2,v3,v4",1,1,1.0,1,1,1.0,1,1,1.0,1,1,1.0
1898,需校验地区信息,"v1,v3",1,1,0.5,1,1,0.25,1,1,0.5,1,1,0.25
1900,保留,"v1,v2,v3,v4",1,5,1.0,1,3,1.0,1,3,1.0,1,3,1.0
1901,保留,"v1,v2,v3,v4",1,2,1.0,1,1,1.0,1,1,1.0,1,1,1.0
1904,需校验地区信息,"v3,v4",1,2,0.625,1,2,0.625,1,2,0.75,1,2,0.75
1907,需校验地区信息,"v1,v3,v4",1,2,0.875,1,2,0.625,1,2,0.875,1,2,0.875
1909,保留,"v1,v2,v3,v4",1,1,1.0,1,1,1.0,1,1,1.0,1,1,1.0
1910,保留,"v1,v3",1,1,1.0,0,0,,1,1,1.0,0,0,
1911,保留,"v1,v2,v3,v4",1,1,1.0,1,1,1.0,1,1,1.0,1,1,1.0
总计,,,,224,0.6331,,211,0.5827,,194,0.5671,,222,0.6331
